0.0,0.0,0.0
20.0,0.0,0.0
40.0,0.0,0.0
60.0,0.0,0.0
80.0,0.0,0.0
100.0,0.0,0.0
120.0,0.0,0.0
140.0,0.0,0.0
160.0,0.0,0.0
180.0,0.0,0.0
200.0,0.0,0.0
220.0,0.0,0.0
240.0,0.0,0.0
260.0,0.0,0.0
280.0,0.0,0.0
300.0,0.0,0.0
320.0,0.0,0.0
340.0,0.0,0.0
0.0,10.701265440424015,-132.49223594996215
20.0,10.701265440424015,-132.49223594996215
40.0,10.701265440424015,-132.49223594996215
60.0,10.701265440424015,-132.49223594996215
80.0,10.701265440424015,-132.49223594996215
100.0,10.701265440424015,-132.49223594996215
120.0,10.701265440424015,-132.49223594996215
140.0,10.701265440424015,-132.49223594996215
160.0,10.701265440424015,-132.49223594996215
180.0,10.701265440424015,-132.49223594996215
200.0,10.701265440424015,-132.49223594996215
220.0,10.701265440424015,-132.49223594996215
240.0,10.701265440424015,-132.49223594996215
260.0,10.701265440424015,-132.49223594996215
280.0,10.701265440424015,-132.49223594996215
300.0,10.701265440424015,-132.49223594996215
320.0,10.701265440424015,-132.49223594996215
340.0,10.701265440424015,-132.49223594996215
0.0,15.156036253380103,5.01552810007568
20.0,15.156036253380103,5.01552810007568
40.0,15.156036253380103,5.01552810007568
60.0,15.156036253380103,5.01552810007568
80.0,15.156036253380103,5.01552810007568
100.0,15.156036253380103,5.01552810007568
120.0,15.156036253380103,5.01552810007568
140.0,15.156036253380103,5.01552810007568
160.0,15.156036253380103,5.01552810007568
180.0,15.156036253380103,5.01552810007568
200.0,15.156036253380103,5.01552810007568
220.0,15.156036253380103,5.01552810007568
240.0,15.156036253380103,5.01552810007568
260.0,15.156036253380103,5.01552810007568
280.0,15.156036253380103,5.01552810007568
300.0,15.156036253380103,5.01552810007568
320.0,15.156036253380103,5.01552810007568
340.0,15.156036253380103,5.01552810007568
0.0,18.589636502645774,142.52329215011355
20.0,18.589636502645774,142.52329215011355
40.0,18.589636502645774,142.52329215011355
60.0,18.589636502645774,142.52329215011355
80.0,18.589636502645774,142.52329215011355
100.0,18.589636502645774,142.52329215011355
120.0,18.589636502645774,142.52329215011355
140.0,18.589636502645774,142.52329215011355
160.0,18.589636502645774,142.52329215011355
180.0,18.589636502645774,142.52329215011355
200.0,18.589636502645774,142.52329215011355
220.0,18.589636502645774,142.52329215011355
240.0,18.589636502645774,142.52329215011355
260.0,18.589636502645774,142.52329215011355
280.0,18.589636502645774,142.52329215011355
300.0,18.589636502645774,142.52329215011355
320.0,18.589636502645774,142.52329215011355
340.0,18.589636502645774,142.52329215011355
0.0,21.497308646752902,-79.96894379984865
20.0,21.497308646752902,-79.96894379984865
40.0,21.497308646752902,-79.96894379984865
60.0,21.497308646752902,-79.96894379984865
80.0,21.497308646752902,-79.96894379984865
100.0,21.497308646752902,-79.96894379984865
120.0,21.497308646752902,-79.96894379984865
140.0,21.497308646752902,-79.96894379984865
160.0,21.497308646752902,-79.96894379984865
180.0,21.497308646752902,-79.96894379984865
200.0,21.497308646752902,-79.96894379984865
220.0,21.497308646752902,-79.96894379984865
240.0,21.497308646752902,-79.96894379984865
260.0,21.497308646752902,-79.96894379984865
280.0,21.497308646752902,-79.96894379984865
300.0,21.497308646752902,-79.96894379984865
320.0,21.497308646752902,-79.96894379984865
340.0,21.497308646752902,-79.96894379984865
0.0,24.070614622566502,57.538820250189225
20.0,24.070614622566502,57.538820250189225
40.0,24.070614622566502,57.538820250189225
60.0,24.070614622566502,57.538820250189225
80.0,24.070614622566502,57.538820250189225
100.0,24.070614622566502,57.538820250189225
120.0,24.070614622566502,57.538820250189225
140.0,24.070614622566502,57.538820250189225
160.0,24.070614622566502,57.538820250189225
180.0,24.070614622566502,57.538820250189225
200.0,24.070614622566502,57.538820250189225
220.0,24.070614622566502,57.538820250189225
240.0,24.070614622566502,57.538820250189225
260.0,24.070614622566502,57.538820250189225
280.0,24.070614622566502,57.538820250189225
300.0,24.070614622566502,57.538820250189225
320.0,24.070614622566502,57.538820250189225
340.0,24.070614622566502,57.538820250189225
0.0,26.40767726998658,-164.95341569977302
20.0,26.40767726998658,-164.95341569977302
40.0,26.40767726998658,-164.95341569977302
60.0,26.40767726998658,-164.95341569977302
80.0,26.40767726998658,-164.95341569977302
100.0,26.40767726998658,-164.95341569977302
120.0,26.40767726998658,-164.95341569977302
140.0,26.40767726998658,-164.95341569977302
160.0,26.40767726998658,-164.95341569977302
180.0,26.40767726998658,-164.95341569977302
200.0,26.40767726998658,-164.95341569977302
220.0,26.40767726998658,-164.95341569977302
240.0,26.40767726998658,-164.95341569977302
260.0,26.40767726998658,-164.95341569977302
280.0,26.40767726998658,-164.95341569977302
300.0,26.40767726998658,-164.95341569977302
320.0,26.40767726998658,-164.95341569977302
340.0,26.40767726998658,-164.95341569977302
0.0,28.566720453757878,-27.44565164973505
20.0,28.566720453757878,-27.44565164973505
40.0,28.566720453757878,-27.44565164973505
60.0,28.566720453757878,-27.44565164973505
80.0,28.566720453757878,-27.44565164973505
100.0,28.566720453757878,-27.44565164973505
120.0,28.566720453757878,-27.44565164973505
140.0,28.566720453757878,-27.44565164973505
160.0,28.566720453757878,-27.44565164973505
180.0,28.566720453757878,-27.44565164973505
200.0,28.566720453757878,-27.44565164973505
220.0,28.566720453757878,-27.44565164973505
240.0,28.566720453757878,-27.44565164973505
260.0,28.566720453757878,-27.44565164973505
280.0,28.566720453757878,-27.44565164973505
300.0,28.566720453757878,-27.44565164973505
320.0,28.566720453757878,-27.44565164973505
340.0,28.566720453757878,-27.44565164973505
0.0,30.585641738071633,110.06211240030272
20.0,30.585641738071633,110.06211240030272
40.0,30.585641738071633,110.06211240030272
60.0,30.585641738071633,110.06211240030272
80.0,30.585641738071633,110.06211240030272
100.0,30.585641738071633,110.06211240030272
120.0,30.585641738071633,110.06211240030272
140.0,30.585641738071633,110.06211240030272
160.0,30.585641738071633,110.06211240030272
180.0,30.585641738071633,110.06211240030272
200.0,30.585641738071633,110.06211240030272
220.0,30.585641738071633,110.06211240030272
240.0,30.585641738071633,110.06211240030272
260.0,30.585641738071633,110.06211240030272
280.0,30.585641738071633,110.06211240030272
300.0,30.585641738071633,110.06211240030272
320.0,30.585641738071633,110.06211240030272
340.0,30.585641738071633,110.06211240030272
0.0,32.4907411670663,-112.43012354965954
20.0,32.4907411670663,-112.43012354965954
40.0,32.4907411670663,-112.43012354965954
60.0,32.4907411670663,-112.43012354965954
80.0,32.4907411670663,-112.43012354965954
100.0,32.4907411670663,-112.43012354965954
120.0,32.4907411670663,-112.43012354965954
140.0,32.4907411670663,-112.43012354965954
160.0,32.4907411670663,-112.43012354965954
180.0,32.4907411670663,-112.43012354965954
200.0,32.4907411670663,-112.43012354965954
220.0,32.4907411670663,-112.43012354965954
240.0,32.4907411670663,-112.43012354965954
260.0,32.4907411670663,-112.43012354965954
280.0,32.4907411670663,-112.43012354965954
300.0,32.4907411670663,-112.43012354965954
320.0,32.4907411670663,-112.43012354965954
340.0,32.4907411670663,-112.43012354965954
0.0,34.301152756791566,25.077640500378447
20.0,34.301152756791566,25.077640500378447
40.0,34.301152756791566,25.077640500378447
60.0,34.301152756791566,25.077640500378447
80.0,34.301152756791566,25.077640500378447
100.0,34.301152756791566,25.077640500378447
120.0,34.301152756791566,25.077640500378447
140.0,34.301152756791566,25.077640500378447
160.0,34.301152756791566,25.077640500378447
180.0,34.301152756791566,25.077640500378447
200.0,34.301152756791566,25.077640500378447
220.0,34.301152756791566,25.077640500378447
240.0,34.301152756791566,25.077640500378447
260.0,34.301152756791566,25.077640500378447
280.0,34.301152756791566,25.077640500378447
300.0,34.301152756791566,25.077640500378447
320.0,34.301152756791566,25.077640500378447
340.0,34.301152756791566,25.077640500378447
0.0,36.031311828424,162.58540455041623
20.0,36.031311828424,162.58540455041623
40.0,36.031311828424,162.58540455041623
60.0,36.031311828424,162.58540455041623
80.0,36.031311828424,162.58540455041623
100.0,36.031311828424,162.58540455041623
120.0,36.031311828424,162.58540455041623
140.0,36.031311828424,162.58540455041623
160.0,36.031311828424,162.58540455041623
180.0,36.031311828424,162.58540455041623
200.0,36.031311828424,162.58540455041623
220.0,36.031311828424,162.58540455041623
240.0,36.031311828424,162.58540455041623
260.0,36.031311828424,162.58540455041623
280.0,36.031311828424,162.58540455041623
300.0,36.031311828424,162.58540455041623
320.0,36.031311828424,162.58540455041623
340.0,36.031311828424,162.58540455041623
0.0,37.69242756908913,-59.90683139954604
20.0,37.69242756908913,-59.90683139954604
40.0,37.69242756908913,-59.90683139954604
60.0,37.69242756908913,-59.90683139954604
80.0,37.69242756908913,-59.90683139954604
100.0,37.69242756908913,-59.90683139954604
120.0,37.69242756908913,-59.90683139954604
140.0,37.69242756908913,-59.90683139954604
160.0,37.69242756908913,-59.90683139954604
180.0,37.69242756908913,-59.90683139954604
200.0,37.69242756908913,-59.90683139954604
220.0,37.69242756908913,-59.90683139954604
240.0,37.69242756908913,-59.90683139954604
260.0,37.69242756908913,-59.90683139954604
280.0,37.69242756908913,-59.90683139954604
300.0,37.69242756908913,-59.90683139954604
320.0,37.69242756908913,-59.90683139954604
340.0,37.69242756908913,-59.90683139954604
0.0,39.29341097915123,77.60093265049196
20.0,39.29341097915123,77.60093265049196
40.0,39.29341097915123,77.60093265049196
60.0,39.29341097915123,77.60093265049196
80.0,39.29341097915123,77.60093265049196
100.0,39.29341097915123,77.60093265049196
120.0,39.29341097915123,77.60093265049196
140.0,39.29341097915123,77.60093265049196
160.0,39.29341097915123,77.60093265049196
180.0,39.29341097915123,77.60093265049196
200.0,39.29341097915123,77.60093265049196
220.0,39.29341097915123,77.60093265049196
240.0,39.29341097915123,77.60093265049196
260.0,39.29341097915123,77.60093265049196
280.0,39.29341097915123,77.60093265049196
300.0,39.29341097915123,77.60093265049196
320.0,39.29341097915123,77.60093265049196
340.0,39.29341097915123,77.60093265049196
0.0,40.84148579307969,-144.89130329947008
20.0,40.84148579307969,-144.89130329947008
40.0,40.84148579307969,-144.89130329947008
60.0,40.84148579307969,-144.89130329947008
80.0,40.84148579307969,-144.89130329947008
100.0,40.84148579307969,-144.89130329947008
120.0,40.84148579307969,-144.89130329947008
140.0,40.84148579307969,-144.89130329947008
160.0,40.84148579307969,-144.89130329947008
180.0,40.84148579307969,-144.89130329947008
200.0,40.84148579307969,-144.89130329947008
220.0,40.84148579307969,-144.89130329947008
240.0,40.84148579307969,-144.89130329947008
260.0,40.84148579307969,-144.89130329947008
280.0,40.84148579307969,-144.89130329947008
300.0,40.84148579307969,-144.89130329947008
320.0,40.84148579307969,-144.89130329947008
340.0,40.84148579307969,-144.89130329947008
0.0,42.34260545220717,-7.383539249432537
20.0,42.34260545220717,-7.383539249432537
40.0,42.34260545220717,-7.383539249432537
60.0,42.34260545220717,-7.383539249432537
80.0,42.34260545220717,-7.383539249432537
100.0,42.34260545220717,-7.383539249432537
120.0,42.34260545220717,-7.383539249432537
140.0,42.34260545220717,-7.383539249432537
160.0,42.34260545220717,-7.383539249432537
180.0,42.34260545220717,-7.383539249432537
200.0,42.34260545220717,-7.383539249432537
220.0,42.34260545220717,-7.383539249432537
240.0,42.34260545220717,-7.383539249432537
260.0,42.34260545220717,-7.383539249432537
280.0,42.34260545220717,-7.383539249432537
300.0,42.34260545220717,-7.383539249432537
320.0,42.34260545220717,-7.383539249432537
340.0,42.34260545220717,-7.383539249432537
0.0,43.80174644194376,130.12422480060545
20.0,43.80174644194376,130.12422480060545
40.0,43.80174644194376,130.12422480060545
60.0,43.80174644194376,130.12422480060545
80.0,43.80174644194376,130.12422480060545
100.0,43.80174644194376,130.12422480060545
120.0,43.80174644194376,130.12422480060545
140.0,43.80174644194376,130.12422480060545
160.0,43.80174644194376,130.12422480060545
180.0,43.80174644194376,130.12422480060545
200.0,43.80174644194376,130.12422480060545
220.0,43.80174644194376,130.12422480060545
240.0,43.80174644194376,130.12422480060545
260.0,43.80174644194376,130.12422480060545
280.0,43.80174644194376,130.12422480060545
300.0,43.80174644194376,130.12422480060545
320.0,43.80174644194376,130.12422480060545
340.0,43.80174644194376,130.12422480060545
0.0,45.22312003601651,-92.3680111493566
20.0,45.22312003601651,-92.3680111493566
40.0,45.22312003601651,-92.3680111493566
60.0,45.22312003601651,-92.3680111493566
80.0,45.22312003601651,-92.3680111493566
100.0,45.22312003601651,-92.3680111493566
120.0,45.22312003601651,-92.3680111493566
140.0,45.22312003601651,-92.3680111493566
160.0,45.22312003601651,-92.3680111493566
180.0,45.22312003601651,-92.3680111493566
200.0,45.22312003601651,-92.3680111493566
220.0,45.22312003601651,-92.3680111493566
240.0,45.22312003601651,-92.3680111493566
260.0,45.22312003601651,-92.3680111493566
280.0,45.22312003601651,-92.3680111493566
300.0,45.22312003601651,-92.3680111493566
320.0,45.22312003601651,-92.3680111493566
340.0,45.22312003601651,-92.3680111493566
0.0,46.610328575020965,45.13975290068096
20.0,46.610328575020965,45.13975290068096
40.0,46.610328575020965,45.13975290068096
60.0,46.610328575020965,45.13975290068096
80.0,46.610328575020965,45.13975290068096
100.0,46.610328575020965,45.13975290068096
120.0,46.610328575020965,45.13975290068096
140.0,46.610328575020965,45.13975290068096
160.0,46.610328575020965,45.13975290068096
180.0,46.610328575020965,45.13975290068096
200.0,46.610328575020965,45.13975290068096
220.0,46.610328575020965,45.13975290068096
240.0,46.610328575020965,45.13975290068096
260.0,46.610328575020965,45.13975290068096
280.0,46.610328575020965,45.13975290068096
300.0,46.610328575020965,45.13975290068096
320.0,46.610328575020965,45.13975290068096
340.0,46.610328575020965,45.13975290068096
0.0,47.96648306198173,-177.35248304928106
20.0,47.96648306198173,-177.35248304928106
40.0,47.96648306198173,-177.35248304928106
60.0,47.96648306198173,-177.35248304928106
80.0,47.96648306198173,-177.35248304928106
100.0,47.96648306198173,-177.35248304928106
120.0,47.96648306198173,-177.35248304928106
140.0,47.96648306198173,-177.35248304928106
160.0,47.96648306198173,-177.35248304928106
180.0,47.96648306198173,-177.35248304928106
200.0,47.96648306198173,-177.35248304928106
220.0,47.96648306198173,-177.35248304928106
240.0,47.96648306198173,-177.35248304928106
260.0,47.96648306198173,-177.35248304928106
280.0,47.96648306198173,-177.35248304928106
300.0,47.96648306198173,-177.35248304928106
320.0,47.96648306198173,-177.35248304928106
340.0,47.96648306198173,-177.35248304928106
0.0,49.29429316895856,-39.844718999243106
20.0,49.29429316895856,-39.844718999243106
40.0,49.29429316895856,-39.844718999243106
60.0,49.29429316895856,-39.844718999243106
80.0,49.29429316895856,-39.844718999243106
100.0,49.29429316895856,-39.844718999243106
120.0,49.29429316895856,-39.844718999243106
140.0,49.29429316895856,-39.844718999243106
160.0,49.29429316895856,-39.844718999243106
180.0,49.29429316895856,-39.844718999243106
200.0,49.29429316895856,-39.844718999243106
220.0,49.29429316895856,-39.844718999243106
240.0,49.29429316895856,-39.844718999243106
260.0,49.29429316895856,-39.844718999243106
280.0,49.29429316895856,-39.844718999243106
300.0,49.29429316895856,-39.844718999243106
320.0,49.29429316895856,-39.844718999243106
340.0,49.29429316895856,-39.844718999243106
0.0,50.59613717501352,97.66304505079445
20.0,50.59613717501352,97.66304505079445
40.0,50.59613717501352,97.66304505079445
60.0,50.59613717501352,97.66304505079445
80.0,50.59613717501352,97.66304505079445
100.0,50.59613717501352,97.66304505079445
120.0,50.59613717501352,97.66304505079445
140.0,50.59613717501352,97.66304505079445
160.0,50.59613717501352,97.66304505079445
180.0,50.59613717501352,97.66304505079445
200.0,50.59613717501352,97.66304505079445
220.0,50.59613717501352,97.66304505079445
240.0,50.59613717501352,97.66304505079445
260.0,50.59613717501352,97.66304505079445
280.0,50.59613717501352,97.66304505079445
300.0,50.59613717501352,97.66304505079445
320.0,50.59613717501352,97.66304505079445
340.0,50.59613717501352,97.66304505079445
0.0,51.87411704787359,-124.82919089916759
20.0,51.87411704787359,-124.82919089916759
40.0,51.87411704787359,-124.82919089916759
60.0,51.87411704787359,-124.82919089916759
80.0,51.87411704787359,-124.82919089916759
100.0,51.87411704787359,-124.82919089916759
120.0,51.87411704787359,-124.82919089916759
140.0,51.87411704787359,-124.82919089916759
160.0,51.87411704787359,-124.82919089916759
180.0,51.87411704787359,-124.82919089916759
200.0,51.87411704787359,-124.82919089916759
220.0,51.87411704787359,-124.82919089916759
240.0,51.87411704787359,-124.82919089916759
260.0,51.87411704787359,-124.82919089916759
280.0,51.87411704787359,-124.82919089916759
300.0,51.87411704787359,-124.82919089916759
320.0,51.87411704787359,-124.82919089916759
340.0,51.87411704787359,-124.82919089916759
0.0,53.13010235415599,12.678573150870385
20.0,53.13010235415599,12.678573150870385
40.0,53.13010235415599,12.678573150870385
60.0,53.13010235415599,12.678573150870385
80.0,53.13010235415599,12.678573150870385
100.0,53.13010235415599,12.678573150870385
120.0,53.13010235415599,12.678573150870385
140.0,53.13010235415599,12.678573150870385
160.0,53.13010235415599,12.678573150870385
180.0,53.13010235415599,12.678573150870385
200.0,53.13010235415599,12.678573150870385
220.0,53.13010235415599,12.678573150870385
240.0,53.13010235415599,12.678573150870385
260.0,53.13010235415599,12.678573150870385
280.0,53.13010235415599,12.678573150870385
300.0,53.13010235415599,12.678573150870385
320.0,53.13010235415599,12.678573150870385
340.0,53.13010235415599,12.678573150870385
0.0,54.36576564979476,150.18633720090796
20.0,54.36576564979476,150.18633720090796
40.0,54.36576564979476,150.18633720090796
60.0,54.36576564979476,150.18633720090796
80.0,54.36576564979476,150.18633720090796
100.0,54.36576564979476,150.18633720090796
120.0,54.36576564979476,150.18633720090796
140.0,54.36576564979476,150.18633720090796
160.0,54.36576564979476,150.18633720090796
180.0,54.36576564979476,150.18633720090796
200.0,54.36576564979476,150.18633720090796
220.0,54.36576564979476,150.18633720090796
240.0,54.36576564979476,150.18633720090796
260.0,54.36576564979476,150.18633720090796
280.0,54.36576564979476,150.18633720090796
300.0,54.36576564979476,150.18633720090796
320.0,54.36576564979476,150.18633720090796
340.0,54.36576564979476,150.18633720090796
0.0,55.58261128955843,-72.30589874905408
20.0,55.58261128955843,-72.30589874905408
40.0,55.58261128955843,-72.30589874905408
60.0,55.58261128955843,-72.30589874905408
80.0,55.58261128955843,-72.30589874905408
100.0,55.58261128955843,-72.30589874905408
120.0,55.58261128955843,-72.30589874905408
140.0,55.58261128955843,-72.30589874905408
160.0,55.58261128955843,-72.30589874905408
180.0,55.58261128955843,-72.30589874905408
200.0,55.58261128955843,-72.30589874905408
220.0,55.58261128955843,-72.30589874905408
240.0,55.58261128955843,-72.30589874905408
260.0,55.58261128955843,-72.30589874905408
280.0,55.58261128955843,-72.30589874905408
300.0,55.58261128955843,-72.30589874905408
320.0,55.58261128955843,-72.30589874905408
340.0,55.58261128955843,-72.30589874905408
0.0,56.78199909408942,65.20186530098388
20.0,56.78199909408942,65.20186530098388
40.0,56.78199909408942,65.20186530098388
60.0,56.78199909408942,65.20186530098388
80.0,56.78199909408942,65.20186530098388
100.0,56.78199909408942,65.20186530098388
120.0,56.78199909408942,65.20186530098388
140.0,56.78199909408942,65.20186530098388
160.0,56.78199909408942,65.20186530098388
180.0,56.78199909408942,65.20186530098388
200.0,56.78199909408942,65.20186530098388
220.0,56.78199909408942,65.20186530098388
240.0,56.78199909408942,65.20186530098388
260.0,56.78199909408942,65.20186530098388
280.0,56.78199909408942,65.20186530098388
300.0,56.78199909408942,65.20186530098388
320.0,56.78199909408942,65.20186530098388
340.0,56.78199909408942,65.20186530098388
0.0,57.965163955802446,-157.29037064897815
20.0,57.965163955802446,-157.29037064897815
40.0,57.965163955802446,-157.29037064897815
60.0,57.965163955802446,-157.29037064897815
80.0,57.965163955802446,-157.29037064897815
100.0,57.965163955802446,-157.29037064897815
120.0,57.965163955802446,-157.29037064897815
140.0,57.965163955802446,-157.29037064897815
160.0,57.965163955802446,-157.29037064897815
180.0,57.965163955802446,-157.29037064897815
200.0,57.965163955802446,-157.29037064897815
220.0,57.965163955802446,-157.29037064897815
240.0,57.965163955802446,-157.29037064897815
260.0,57.965163955802446,-157.29037064897815
280.0,57.965163955802446,-157.29037064897815
300.0,57.965163955802446,-157.29037064897815
320.0,57.965163955802446,-157.29037064897815
340.0,57.965163955802446,-157.29037064897815
0.0,59.13323220641849,-19.78260659894019
20.0,59.13323220641849,-19.78260659894019
40.0,59.13323220641849,-19.78260659894019
60.0,59.13323220641849,-19.78260659894019
80.0,59.13323220641849,-19.78260659894019
100.0,59.13323220641849,-19.78260659894019
120.0,59.13323220641849,-19.78260659894019
140.0,59.13323220641849,-19.78260659894019
160.0,59.13323220641849,-19.78260659894019
180.0,59.13323220641849,-19.78260659894019
200.0,59.13323220641849,-19.78260659894019
220.0,59.13323220641849,-19.78260659894019
240.0,59.13323220641849,-19.78260659894019
260.0,59.13323220641849,-19.78260659894019
280.0,59.13323220641849,-19.78260659894019
300.0,59.13323220641849,-19.78260659894019
320.0,59.13323220641849,-19.78260659894019
340.0,59.13323220641849,-19.78260659894019
0.0,60.287235379163995,117.72515745109696
20.0,60.287235379163995,117.72515745109696
40.0,60.287235379163995,117.72515745109696
60.0,60.287235379163995,117.72515745109696
80.0,60.287235379163995,117.72515745109696
100.0,60.287235379163995,117.72515745109696
120.0,60.287235379163995,117.72515745109696
140.0,60.287235379163995,117.72515745109696
160.0,60.287235379163995,117.72515745109696
180.0,60.287235379163995,117.72515745109696
200.0,60.287235379163995,117.72515745109696
220.0,60.287235379163995,117.72515745109696
240.0,60.287235379163995,117.72515745109696
260.0,60.287235379163995,117.72515745109696
280.0,60.287235379163995,117.72515745109696
300.0,60.287235379163995,117.72515745109696
320.0,60.287235379163995,117.72515745109696
340.0,60.287235379163995,117.72515745109696
0.0,61.42812185769116,-104.76707849886508
20.0,61.42812185769116,-104.76707849886508
40.0,61.42812185769116,-104.76707849886508
60.0,61.42812185769116,-104.76707849886508
80.0,61.42812185769116,-104.76707849886508
100.0,61.42812185769116,-104.76707849886508
120.0,61.42812185769116,-104.76707849886508
140.0,61.42812185769116,-104.76707849886508
160.0,61.42812185769116,-104.76707849886508
180.0,61.42812185769116,-104.76707849886508
200.0,61.42812185769116,-104.76707849886508
220.0,61.42812185769116,-104.76707849886508
240.0,61.42812185769116,-104.76707849886508
260.0,61.42812185769116,-104.76707849886508
280.0,61.42812185769116,-104.76707849886508
300.0,61.42812185769116,-104.76707849886508
320.0,61.42812185769116,-104.76707849886508
340.0,61.42812185769116,-104.76707849886508
0.0,62.55676679783542,32.740685551172895
20.0,62.55676679783542,32.740685551172895
40.0,62.55676679783542,32.740685551172895
60.0,62.55676679783542,32.740685551172895
80.0,62.55676679783542,32.740685551172895
100.0,62.55676679783542,32.740685551172895
120.0,62.55676679783542,32.740685551172895
140.0,62.55676679783542,32.740685551172895
160.0,62.55676679783542,32.740685551172895
180.0,62.55676679783542,32.740685551172895
200.0,62.55676679783542,32.740685551172895
220.0,62.55676679783542,32.740685551172895
240.0,62.55676679783542,32.740685551172895
260.0,62.55676679783542,32.740685551172895
280.0,62.55676679783542,32.740685551172895
300.0,62.55676679783542,32.740685551172895
320.0,62.55676679783542,32.740685551172895
340.0,62.55676679783542,32.740685551172895
0.0,63.67398062787612,170.24844960121092
20.0,63.67398062787612,170.24844960121092
40.0,63.67398062787612,170.24844960121092
60.0,63.67398062787612,170.24844960121092
80.0,63.67398062787612,170.24844960121092
100.0,63.67398062787612,170.24844960121092
120.0,63.67398062787612,170.24844960121092
140.0,63.67398062787612,170.24844960121092
160.0,63.67398062787612,170.24844960121092
180.0,63.67398062787612,170.24844960121092
200.0,63.67398062787612,170.24844960121092
220.0,63.67398062787612,170.24844960121092
240.0,63.67398062787612,170.24844960121092
260.0,63.67398062787612,170.24844960121092
280.0,63.67398062787612,170.24844960121092
300.0,63.67398062787612,170.24844960121092
320.0,63.67398062787612,170.24844960121092
340.0,63.67398062787612,170.24844960121092
0.0,64.78051637126906,-52.24378634875118
20.0,64.78051637126906,-52.24378634875118
40.0,64.78051637126906,-52.24378634875118
60.0,64.78051637126906,-52.24378634875118
80.0,64.78051637126906,-52.24378634875118
100.0,64.78051637126906,-52.24378634875118
120.0,64.78051637126906,-52.24378634875118
140.0,64.78051637126906,-52.24378634875118
160.0,64.78051637126906,-52.24378634875118
180.0,64.78051637126906,-52.24378634875118
200.0,64.78051637126906,-52.24378634875118
220.0,64.78051637126906,-52.24378634875118
240.0,64.78051637126906,-52.24378634875118
260.0,64.78051637126906,-52.24378634875118
280.0,64.78051637126906,-52.24378634875118
300.0,64.78051637126906,-52.24378634875118
320.0,64.78051637126906,-52.24378634875118
340.0,64.78051637126906,-52.24378634875118
0.0,65.87707598807654,85.2639777012868
20.0,65.87707598807654,85.2639777012868
40.0,65.87707598807654,85.2639777012868
60.0,65.87707598807654,85.2639777012868
80.0,65.87707598807654,85.2639777012868
100.0,65.87707598807654,85.2639777012868
120.0,65.87707598807654,85.2639777012868
140.0,65.87707598807654,85.2639777012868
160.0,65.87707598807654,85.2639777012868
180.0,65.87707598807654,85.2639777012868
200.0,65.87707598807654,85.2639777012868
220.0,65.87707598807654,85.2639777012868
240.0,65.87707598807654,85.2639777012868
260.0,65.87707598807654,85.2639777012868
280.0,65.87707598807654,85.2639777012868
300.0,65.87707598807654,85.2639777012868
320.0,65.87707598807654,85.2639777012868
340.0,65.87707598807654,85.2639777012868
0.0,66.96431589405864,-137.22825824867525
20.0,66.96431589405864,-137.22825824867525
40.0,66.96431589405864,-137.22825824867525
60.0,66.96431589405864,-137.22825824867525
80.0,66.96431589405864,-137.22825824867525
100.0,66.96431589405864,-137.22825824867525
120.0,66.96431589405864,-137.22825824867525
140.0,66.96431589405864,-137.22825824867525
160.0,66.96431589405864,-137.22825824867525
180.0,66.96431589405864,-137.22825824867525
200.0,66.96431589405864,-137.22825824867525
220.0,66.96431589405864,-137.22825824867525
240.0,66.96431589405864,-137.22825824867525
260.0,66.96431589405864,-137.22825824867525
280.0,66.96431589405864,-137.22825824867525
300.0,66.96431589405864,-137.22825824867525
320.0,66.96431589405864,-137.22825824867525
340.0,66.96431589405864,-137.22825824867525
0.0,68.04285178707948,0.279505801361917
20.0,68.04285178707948,0.279505801361917
40.0,68.04285178707948,0.279505801361917
60.0,68.04285178707948,0.279505801361917
80.0,68.04285178707948,0.279505801361917
100.0,68.04285178707948,0.279505801361917
120.0,68.04285178707948,0.279505801361917
140.0,68.04285178707948,0.279505801361917
160.0,68.04285178707948,0.279505801361917
180.0,68.04285178707948,0.279505801361917
200.0,68.04285178707948,0.279505801361917
220.0,68.04285178707948,0.279505801361917
240.0,68.04285178707948,0.279505801361917
260.0,68.04285178707948,0.279505801361917
280.0,68.04285178707948,0.279505801361917
300.0,68.04285178707948,0.279505801361917
320.0,68.04285178707948,0.279505801361917
340.0,68.04285178707948,0.279505801361917
0.0,69.113262887255,137.7872698513999
20.0,69.113262887255,137.7872698513999
40.0,69.113262887255,137.7872698513999
60.0,69.113262887255,137.7872698513999
80.0,69.113262887255,137.7872698513999
100.0,69.113262887255,137.7872698513999
120.0,69.113262887255,137.7872698513999
140.0,69.113262887255,137.7872698513999
160.0,69.113262887255,137.7872698513999
180.0,69.113262887255,137.7872698513999
200.0,69.113262887255,137.7872698513999
220.0,69.113262887255,137.7872698513999
240.0,69.113262887255,137.7872698513999
260.0,69.113262887255,137.7872698513999
280.0,69.113262887255,137.7872698513999
300.0,69.113262887255,137.7872698513999
320.0,69.113262887255,137.7872698513999
340.0,69.113262887255,137.7872698513999
0.0,70.17609567873627,-84.70496609856215
20.0,70.17609567873627,-84.70496609856215
40.0,70.17609567873627,-84.70496609856215
60.0,70.17609567873627,-84.70496609856215
80.0,70.17609567873627,-84.70496609856215
100.0,70.17609567873627,-84.70496609856215
120.0,70.17609567873627,-84.70496609856215
140.0,70.17609567873627,-84.70496609856215
160.0,70.17609567873627,-84.70496609856215
180.0,70.17609567873627,-84.70496609856215
200.0,70.17609567873627,-84.70496609856215
220.0,70.17609567873627,-84.70496609856215
240.0,70.17609567873627,-84.70496609856215
260.0,70.17609567873627,-84.70496609856215
280.0,70.17609567873627,-84.70496609856215
300.0,70.17609567873627,-84.70496609856215
320.0,70.17609567873627,-84.70496609856215
340.0,70.17609567873627,-84.70496609856215
0.0,71.23186722613744,52.80279795147582
20.0,71.23186722613744,52.80279795147582
40.0,71.23186722613744,52.80279795147582
60.0,71.23186722613744,52.80279795147582
80.0,71.23186722613744,52.80279795147582
100.0,71.23186722613744,52.80279795147582
120.0,71.23186722613744,52.80279795147582
140.0,71.23186722613744,52.80279795147582
160.0,71.23186722613744,52.80279795147582
180.0,71.23186722613744,52.80279795147582
200.0,71.23186722613744,52.80279795147582
220.0,71.23186722613744,52.80279795147582
240.0,71.23186722613744,52.80279795147582
260.0,71.23186722613744,52.80279795147582
280.0,71.23186722613744,52.80279795147582
300.0,71.23186722613744,52.80279795147582
320.0,71.23186722613744,52.80279795147582
340.0,71.23186722613744,52.80279795147582
0.0,72.28106812659294,-169.68943799848623
20.0,72.28106812659294,-169.68943799848623
40.0,72.28106812659294,-169.68943799848623
60.0,72.28106812659294,-169.68943799848623
80.0,72.28106812659294,-169.68943799848623
100.0,72.28106812659294,-169.68943799848623
120.0,72.28106812659294,-169.68943799848623
140.0,72.28106812659294,-169.68943799848623
160.0,72.28106812659294,-169.68943799848623
180.0,72.28106812659294,-169.68943799848623
200.0,72.28106812659294,-169.68943799848623
220.0,72.28106812659294,-169.68943799848623
240.0,72.28106812659294,-169.68943799848623
260.0,72.28106812659294,-169.68943799848623
280.0,72.28106812659294,-169.68943799848623
300.0,72.28106812659294,-169.68943799848623
320.0,72.28106812659294,-169.68943799848623
340.0,72.28106812659294,-169.68943799848623
0.0,73.32416514865713,-32.18167394844826
20.0,73.32416514865713,-32.18167394844826
40.0,73.32416514865713,-32.18167394844826
60.0,73.32416514865713,-32.18167394844826
80.0,73.32416514865713,-32.18167394844826
100.0,73.32416514865713,-32.18167394844826
120.0,73.32416514865713,-32.18167394844826
140.0,73.32416514865713,-32.18167394844826
160.0,73.32416514865713,-32.18167394844826
180.0,73.32416514865713,-32.18167394844826
200.0,73.32416514865713,-32.18167394844826
220.0,73.32416514865713,-32.18167394844826
240.0,73.32416514865713,-32.18167394844826
260.0,73.32416514865713,-32.18167394844826
280.0,73.32416514865713,-32.18167394844826
300.0,73.32416514865713,-32.18167394844826
320.0,73.32416514865713,-32.18167394844826
340.0,73.32416514865713,-32.18167394844826
0.0,74.36160360127923,105.32609010158892
20.0,74.36160360127923,105.32609010158892
40.0,74.36160360127923,105.32609010158892
60.0,74.36160360127923,105.32609010158892
80.0,74.36160360127923,105.32609010158892
100.0,74.36160360127923,105.32609010158892
120.0,74.36160360127923,105.32609010158892
140.0,74.36160360127923,105.32609010158892
160.0,74.36160360127923,105.32609010158892
180.0,74.36160360127923,105.32609010158892
200.0,74.36160360127923,105.32609010158892
220.0,74.36160360127923,105.32609010158892
240.0,74.36160360127923,105.32609010158892
260.0,74.36160360127923,105.32609010158892
280.0,74.36160360127923,105.32609010158892
300.0,74.36160360127923,105.32609010158892
320.0,74.36160360127923,105.32609010158892
340.0,74.36160360127923,105.32609010158892
0.0,75.39380946953665,-117.16614584837313
20.0,75.39380946953665,-117.16614584837313
40.0,75.39380946953665,-117.16614584837313
60.0,75.39380946953665,-117.16614584837313
80.0,75.39380946953665,-117.16614584837313
100.0,75.39380946953665,-117.16614584837313
120.0,75.39380946953665,-117.16614584837313
140.0,75.39380946953665,-117.16614584837313
160.0,75.39380946953665,-117.16614584837313
180.0,75.39380946953665,-117.16614584837313
200.0,75.39380946953665,-117.16614584837313
220.0,75.39380946953665,-117.16614584837313
240.0,75.39380946953665,-117.16614584837313
260.0,75.39380946953665,-117.16614584837313
280.0,75.39380946953665,-117.16614584837313
300.0,75.39380946953665,-117.16614584837313
320.0,75.39380946953665,-117.16614584837313
340.0,75.39380946953665,-117.16614584837313
0.0,76.42119134841009,20.341618201664836
20.0,76.42119134841009,20.341618201664836
40.0,76.42119134841009,20.341618201664836
60.0,76.42119134841009,20.341618201664836
80.0,76.42119134841009,20.341618201664836
100.0,76.42119134841009,20.341618201664836
120.0,76.42119134841009,20.341618201664836
140.0,76.42119134841009,20.341618201664836
160.0,76.42119134841009,20.341618201664836
180.0,76.42119134841009,20.341618201664836
200.0,76.42119134841009,20.341618201664836
220.0,76.42119134841009,20.341618201664836
240.0,76.42119134841009,20.341618201664836
260.0,76.42119134841009,20.341618201664836
280.0,76.42119134841009,20.341618201664836
300.0,76.42119134841009,20.341618201664836
320.0,76.42119134841009,20.341618201664836
340.0,76.42119134841009,20.341618201664836
0.0,77.44414220141402,157.84938225170282
20.0,77.44414220141402,157.84938225170282
40.0,77.44414220141402,157.84938225170282
60.0,77.44414220141402,157.84938225170282
80.0,77.44414220141402,157.84938225170282
100.0,77.44414220141402,157.84938225170282
120.0,77.44414220141402,157.84938225170282
140.0,77.44414220141402,157.84938225170282
160.0,77.44414220141402,157.84938225170282
180.0,77.44414220141402,157.84938225170282
200.0,77.44414220141402,157.84938225170282
220.0,77.44414220141402,157.84938225170282
240.0,77.44414220141402,157.84938225170282
260.0,77.44414220141402,157.84938225170282
280.0,77.44414220141402,157.84938225170282
300.0,77.44414220141402,157.84938225170282
320.0,77.44414220141402,157.84938225170282
340.0,77.44414220141402,157.84938225170282
0.0,78.46304096718453,-64.64285369825923
20.0,78.46304096718453,-64.64285369825923
40.0,78.46304096718453,-64.64285369825923
60.0,78.46304096718453,-64.64285369825923
80.0,78.46304096718453,-64.64285369825923
100.0,78.46304096718453,-64.64285369825923
120.0,78.46304096718453,-64.64285369825923
140.0,78.46304096718453,-64.64285369825923
160.0,78.46304096718453,-64.64285369825923
180.0,78.46304096718453,-64.64285369825923
200.0,78.46304096718453,-64.64285369825923
220.0,78.46304096718453,-64.64285369825923
240.0,78.46304096718453,-64.64285369825923
260.0,78.46304096718453,-64.64285369825923
280.0,78.46304096718453,-64.64285369825923
300.0,78.46304096718453,-64.64285369825923
320.0,78.46304096718453,-64.64285369825923
340.0,78.46304096718453,-64.64285369825923
0.0,79.47825403403209,72.86491035177873
20.0,79.47825403403209,72.86491035177873
40.0,79.47825403403209,72.86491035177873
60.0,79.47825403403209,72.86491035177873
80.0,79.47825403403209,72.86491035177873
100.0,79.47825403403209,72.86491035177873
120.0,79.47825403403209,72.86491035177873
140.0,79.47825403403209,72.86491035177873
160.0,79.47825403403209,72.86491035177873
180.0,79.47825403403209,72.86491035177873
200.0,79.47825403403209,72.86491035177873
220.0,79.47825403403209,72.86491035177873
240.0,79.47825403403209,72.86491035177873
260.0,79.47825403403209,72.86491035177873
280.0,79.47825403403209,72.86491035177873
300.0,79.47825403403209,72.86491035177873
320.0,79.47825403403209,72.86491035177873
340.0,79.47825403403209,72.86491035177873
0.0,80.49013659988437,-149.62732559818411
20.0,80.49013659988437,-149.62732559818411
40.0,80.49013659988437,-149.62732559818411
60.0,80.49013659988437,-149.62732559818411
80.0,80.49013659988437,-149.62732559818411
100.0,80.49013659988437,-149.62732559818411
120.0,80.49013659988437,-149.62732559818411
140.0,80.49013659988437,-149.62732559818411
160.0,80.49013659988437,-149.62732559818411
180.0,80.49013659988437,-149.62732559818411
200.0,80.49013659988437,-149.62732559818411
220.0,80.49013659988437,-149.62732559818411
240.0,80.49013659988437,-149.62732559818411
260.0,80.49013659988437,-149.62732559818411
280.0,80.49013659988437,-149.62732559818411
300.0,80.49013659988437,-149.62732559818411
320.0,80.49013659988437,-149.62732559818411
340.0,80.49013659988437,-149.62732559818411
0.0,81.49903393288102,-12.119561548146145
20.0,81.49903393288102,-12.119561548146145
40.0,81.49903393288102,-12.119561548146145
60.0,81.49903393288102,-12.119561548146145
80.0,81.49903393288102,-12.119561548146145
100.0,81.49903393288102,-12.119561548146145
120.0,81.49903393288102,-12.119561548146145
140.0,81.49903393288102,-12.119561548146145
160.0,81.49903393288102,-12.119561548146145
180.0,81.49903393288102,-12.119561548146145
200.0,81.49903393288102,-12.119561548146145
220.0,81.49903393288102,-12.119561548146145
240.0,81.49903393288102,-12.119561548146145
260.0,81.49903393288102,-12.119561548146145
280.0,81.49903393288102,-12.119561548146145
300.0,81.49903393288102,-12.119561548146145
320.0,81.49903393288102,-12.119561548146145
340.0,81.49903393288102,-12.119561548146145
0.0,82.50528254607332,125.38820250189184
20.0,82.50528254607332,125.38820250189184
40.0,82.50528254607332,125.38820250189184
60.0,82.50528254607332,125.38820250189184
80.0,82.50528254607332,125.38820250189184
100.0,82.50528254607332,125.38820250189184
120.0,82.50528254607332,125.38820250189184
140.0,82.50528254607332,125.38820250189184
160.0,82.50528254607332,125.38820250189184
180.0,82.50528254607332,125.38820250189184
200.0,82.50528254607332,125.38820250189184
220.0,82.50528254607332,125.38820250189184
240.0,82.50528254607332,125.38820250189184
260.0,82.50528254607332,125.38820250189184
280.0,82.50528254607332,125.38820250189184
300.0,82.50528254607332,125.38820250189184
320.0,82.50528254607332,125.38820250189184
340.0,82.50528254607332,125.38820250189184
0.0,83.50921129816504,-97.1040334480702
20.0,83.50921129816504,-97.1040334480702
40.0,83.50921129816504,-97.1040334480702
60.0,83.50921129816504,-97.1040334480702
80.0,83.50921129816504,-97.1040334480702
100.0,83.50921129816504,-97.1040334480702
120.0,83.50921129816504,-97.1040334480702
140.0,83.50921129816504,-97.1040334480702
160.0,83.50921129816504,-97.1040334480702
180.0,83.50921129816504,-97.1040334480702
200.0,83.50921129816504,-97.1040334480702
220.0,83.50921129816504,-97.1040334480702
240.0,83.50921129816504,-97.1040334480702
260.0,83.50921129816504,-97.1040334480702
280.0,83.50921129816504,-97.1040334480702
300.0,83.50921129816504,-97.1040334480702
320.0,83.50921129816504,-97.1040334480702
340.0,83.50921129816504,-97.1040334480702
0.0,84.51114243096356,40.40373060196775
20.0,84.51114243096356,40.40373060196775
40.0,84.51114243096356,40.40373060196775
60.0,84.51114243096356,40.40373060196775
80.0,84.51114243096356,40.40373060196775
100.0,84.51114243096356,40.40373060196775
120.0,84.51114243096356,40.40373060196775
140.0,84.51114243096356,40.40373060196775
160.0,84.51114243096356,40.40373060196775
180.0,84.51114243096356,40.40373060196775
200.0,84.51114243096356,40.40373060196775
220.0,84.51114243096356,40.40373060196775
240.0,84.51114243096356,40.40373060196775
260.0,84.51114243096356,40.40373060196775
280.0,84.51114243096356,40.40373060196775
300.0,84.51114243096356,40.40373060196775
320.0,84.51114243096356,40.40373060196775
340.0,84.51114243096356,40.40373060196775
0.0,85.51139255315638,177.91149465200573
20.0,85.51139255315638,177.91149465200573
40.0,85.51139255315638,177.91149465200573
60.0,85.51139255315638,177.91149465200573
80.0,85.51139255315638,177.91149465200573
100.0,85.51139255315638,177.91149465200573
120.0,85.51139255315638,177.91149465200573
140.0,85.51139255315638,177.91149465200573
160.0,85.51139255315638,177.91149465200573
180.0,85.51139255315638,177.91149465200573
200.0,85.51139255315638,177.91149465200573
220.0,85.51139255315638,177.91149465200573
240.0,85.51139255315638,177.91149465200573
260.0,85.51139255315638,177.91149465200573
280.0,85.51139255315638,177.91149465200573
300.0,85.51139255315638,177.91149465200573
320.0,85.51139255315638,177.91149465200573
340.0,85.51139255315638,177.91149465200573
0.0,86.51027357915325,-44.580741297956315
20.0,86.51027357915325,-44.580741297956315
40.0,86.51027357915325,-44.580741297956315
60.0,86.51027357915325,-44.580741297956315
80.0,86.51027357915325,-44.580741297956315
100.0,86.51027357915325,-44.580741297956315
120.0,86.51027357915325,-44.580741297956315
140.0,86.51027357915325,-44.580741297956315
160.0,86.51027357915325,-44.580741297956315
180.0,86.51027357915325,-44.580741297956315
200.0,86.51027357915325,-44.580741297956315
220.0,86.51027357915325,-44.580741297956315
240.0,86.51027357915325,-44.580741297956315
260.0,86.51027357915325,-44.580741297956315
280.0,86.51027357915325,-44.580741297956315
300.0,86.51027357915325,-44.580741297956315
320.0,86.51027357915325,-44.580741297956315
340.0,86.51027357915325,-44.580741297956315
0.0,87.5080936310201,92.92702275208167
20.0,87.5080936310201,92.92702275208167
40.0,87.5080936310201,92.92702275208167
60.0,87.5080936310201,92.92702275208167
80.0,87.5080936310201,92.92702275208167
100.0,87.5080936310201,92.92702275208167
120.0,87.5080936310201,92.92702275208167
140.0,87.5080936310201,92.92702275208167
160.0,87.5080936310201,92.92702275208167
180.0,87.5080936310201,92.92702275208167
200.0,87.5080936310201,92.92702275208167
220.0,87.5080936310201,92.92702275208167
240.0,87.5080936310201,92.92702275208167
260.0,87.5080936310201,92.92702275208167
280.0,87.5080936310201,92.92702275208167
300.0,87.5080936310201,92.92702275208167
320.0,87.5080936310201,92.92702275208167
340.0,87.5080936310201,92.92702275208167
0.0,88.5051579109532,-129.56521319788038
20.0,88.5051579109532,-129.56521319788038
40.0,88.5051579109532,-129.56521319788038
60.0,88.5051579109532,-129.56521319788038
80.0,88.5051579109532,-129.56521319788038
100.0,88.5051579109532,-129.56521319788038
120.0,88.5051579109532,-129.56521319788038
140.0,88.5051579109532,-129.56521319788038
160.0,88.5051579109532,-129.56521319788038
180.0,88.5051579109532,-129.56521319788038
200.0,88.5051579109532,-129.56521319788038
220.0,88.5051579109532,-129.56521319788038
240.0,88.5051579109532,-129.56521319788038
260.0,88.5051579109532,-129.56521319788038
280.0,88.5051579109532,-129.56521319788038
300.0,88.5051579109532,-129.56521319788038
320.0,88.5051579109532,-129.56521319788038
340.0,88.5051579109532,-129.56521319788038
0.0,89.50176955128985,7.942550852157591
20.0,89.50176955128985,7.942550852157591
40.0,89.50176955128985,7.942550852157591
60.0,89.50176955128985,7.942550852157591
80.0,89.50176955128985,7.942550852157591
100.0,89.50176955128985,7.942550852157591
120.0,89.50176955128985,7.942550852157591
140.0,89.50176955128985,7.942550852157591
160.0,89.50176955128985,7.942550852157591
180.0,89.50176955128985,7.942550852157591
200.0,89.50176955128985,7.942550852157591
220.0,89.50176955128985,7.942550852157591
240.0,89.50176955128985,7.942550852157591
260.0,89.50176955128985,7.942550852157591
280.0,89.50176955128985,7.942550852157591
300.0,89.50176955128985,7.942550852157591
320.0,89.50176955128985,7.942550852157591
340.0,89.50176955128985,7.942550852157591
0.0,90.49823044871016,145.45031490219392
20.0,90.49823044871016,145.45031490219392
40.0,90.49823044871016,145.45031490219392
60.0,90.49823044871016,145.45031490219392
80.0,90.49823044871016,145.45031490219392
100.0,90.49823044871016,145.45031490219392
120.0,90.49823044871016,145.45031490219392
140.0,90.49823044871016,145.45031490219392
160.0,90.49823044871016,145.45031490219392
180.0,90.49823044871016,145.45031490219392
200.0,90.49823044871016,145.45031490219392
220.0,90.49823044871016,145.45031490219392
240.0,90.49823044871016,145.45031490219392
260.0,90.49823044871016,145.45031490219392
280.0,90.49823044871016,145.45031490219392
300.0,90.49823044871016,145.45031490219392
320.0,90.49823044871016,145.45031490219392
340.0,90.49823044871016,145.45031490219392
0.0,91.49484208904681,-77.04192104776811
20.0,91.49484208904681,-77.04192104776811
40.0,91.49484208904681,-77.04192104776811
60.0,91.49484208904681,-77.04192104776811
80.0,91.49484208904681,-77.04192104776811
100.0,91.49484208904681,-77.04192104776811
120.0,91.49484208904681,-77.04192104776811
140.0,91.49484208904681,-77.04192104776811
160.0,91.49484208904681,-77.04192104776811
180.0,91.49484208904681,-77.04192104776811
200.0,91.49484208904681,-77.04192104776811
220.0,91.49484208904681,-77.04192104776811
240.0,91.49484208904681,-77.04192104776811
260.0,91.49484208904681,-77.04192104776811
280.0,91.49484208904681,-77.04192104776811
300.0,91.49484208904681,-77.04192104776811
320.0,91.49484208904681,-77.04192104776811
340.0,91.49484208904681,-77.04192104776811
0.0,92.4919063689799,60.46584300226988
20.0,92.4919063689799,60.46584300226988
40.0,92.4919063689799,60.46584300226988
60.0,92.4919063689799,60.46584300226988
80.0,92.4919063689799,60.46584300226988
100.0,92.4919063689799,60.46584300226988
120.0,92.4919063689799,60.46584300226988
140.0,92.4919063689799,60.46584300226988
160.0,92.4919063689799,60.46584300226988
180.0,92.4919063689799,60.46584300226988
200.0,92.4919063689799,60.46584300226988
220.0,92.4919063689799,60.46584300226988
240.0,92.4919063689799,60.46584300226988
260.0,92.4919063689799,60.46584300226988
280.0,92.4919063689799,60.46584300226988
300.0,92.4919063689799,60.46584300226988
320.0,92.4919063689799,60.46584300226988
340.0,92.4919063689799,60.46584300226988
0.0,93.48972642084675,-162.0263929476922
20.0,93.48972642084675,-162.0263929476922
40.0,93.48972642084675,-162.0263929476922
60.0,93.48972642084675,-162.0263929476922
80.0,93.48972642084675,-162.0263929476922
100.0,93.48972642084675,-162.0263929476922
120.0,93.48972642084675,-162.0263929476922
140.0,93.48972642084675,-162.0263929476922
160.0,93.48972642084675,-162.0263929476922
180.0,93.48972642084675,-162.0263929476922
200.0,93.48972642084675,-162.0263929476922
220.0,93.48972642084675,-162.0263929476922
240.0,93.48972642084675,-162.0263929476922
260.0,93.48972642084675,-162.0263929476922
280.0,93.48972642084675,-162.0263929476922
300.0,93.48972642084675,-162.0263929476922
320.0,93.48972642084675,-162.0263929476922
340.0,93.48972642084675,-162.0263929476922
0.0,94.48860744684364,-24.518628897654203
20.0,94.48860744684364,-24.518628897654203
40.0,94.48860744684364,-24.518628897654203
60.0,94.48860744684364,-24.518628897654203
80.0,94.48860744684364,-24.518628897654203
100.0,94.48860744684364,-24.518628897654203
120.0,94.48860744684364,-24.518628897654203
140.0,94.48860744684364,-24.518628897654203
160.0,94.48860744684364,-24.518628897654203
180.0,94.48860744684364,-24.518628897654203
200.0,94.48860744684364,-24.518628897654203
220.0,94.48860744684364,-24.518628897654203
240.0,94.48860744684364,-24.518628897654203
260.0,94.48860744684364,-24.518628897654203
280.0,94.48860744684364,-24.518628897654203
300.0,94.48860744684364,-24.518628897654203
320.0,94.48860744684364,-24.518628897654203
340.0,94.48860744684364,-24.518628897654203
0.0,95.48885756903644,112.98913515238378
20.0,95.48885756903644,112.98913515238378
40.0,95.48885756903644,112.98913515238378
60.0,95.48885756903644,112.98913515238378
80.0,95.48885756903644,112.98913515238378
100.0,95.48885756903644,112.98913515238378
120.0,95.48885756903644,112.98913515238378
140.0,95.48885756903644,112.98913515238378
160.0,95.48885756903644,112.98913515238378
180.0,95.48885756903644,112.98913515238378
200.0,95.48885756903644,112.98913515238378
220.0,95.48885756903644,112.98913515238378
240.0,95.48885756903644,112.98913515238378
260.0,95.48885756903644,112.98913515238378
280.0,95.48885756903644,112.98913515238378
300.0,95.48885756903644,112.98913515238378
320.0,95.48885756903644,112.98913515238378
340.0,95.48885756903644,112.98913515238378
0.0,96.49078870183499,-109.50310079757827
20.0,96.49078870183499,-109.50310079757827
40.0,96.49078870183499,-109.50310079757827
60.0,96.49078870183499,-109.50310079757827
80.0,96.49078870183499,-109.50310079757827
100.0,96.49078870183499,-109.50310079757827
120.0,96.49078870183499,-109.50310079757827
140.0,96.49078870183499,-109.50310079757827
160.0,96.49078870183499,-109.50310079757827
180.0,96.49078870183499,-109.50310079757827
200.0,96.49078870183499,-109.50310079757827
220.0,96.49078870183499,-109.50310079757827
240.0,96.49078870183499,-109.50310079757827
260.0,96.49078870183499,-109.50310079757827
280.0,96.49078870183499,-109.50310079757827
300.0,96.49078870183499,-109.50310079757827
320.0,96.49078870183499,-109.50310079757827
340.0,96.49078870183499,-109.50310079757827
0.0,97.49471745392668,28.004663252459693
20.0,97.49471745392668,28.004663252459693
40.0,97.49471745392668,28.004663252459693
60.0,97.49471745392668,28.004663252459693
80.0,97.49471745392668,28.004663252459693
100.0,97.49471745392668,28.004663252459693
120.0,97.49471745392668,28.004663252459693
140.0,97.49471745392668,28.004663252459693
160.0,97.49471745392668,28.004663252459693
180.0,97.49471745392668,28.004663252459693
200.0,97.49471745392668,28.004663252459693
220.0,97.49471745392668,28.004663252459693
240.0,97.49471745392668,28.004663252459693
260.0,97.49471745392668,28.004663252459693
280.0,97.49471745392668,28.004663252459693
300.0,97.49471745392668,28.004663252459693
320.0,97.49471745392668,28.004663252459693
340.0,97.49471745392668,28.004663252459693
0.0,98.50096606711901,165.51242730249766
20.0,98.50096606711901,165.51242730249766
40.0,98.50096606711901,165.51242730249766
60.0,98.50096606711901,165.51242730249766
80.0,98.50096606711901,165.51242730249766
100.0,98.50096606711901,165.51242730249766
120.0,98.50096606711901,165.51242730249766
140.0,98.50096606711901,165.51242730249766
160.0,98.50096606711901,165.51242730249766
180.0,98.50096606711901,165.51242730249766
200.0,98.50096606711901,165.51242730249766
220.0,98.50096606711901,165.51242730249766
240.0,98.50096606711901,165.51242730249766
260.0,98.50096606711901,165.51242730249766
280.0,98.50096606711901,165.51242730249766
300.0,98.50096606711901,165.51242730249766
320.0,98.50096606711901,165.51242730249766
340.0,98.50096606711901,165.51242730249766
0.0,99.50986340011565,-56.979808647464374
20.0,99.50986340011565,-56.979808647464374
40.0,99.50986340011565,-56.979808647464374
60.0,99.50986340011565,-56.979808647464374
80.0,99.50986340011565,-56.979808647464374
100.0,99.50986340011565,-56.979808647464374
120.0,99.50986340011565,-56.979808647464374
140.0,99.50986340011565,-56.979808647464374
160.0,99.50986340011565,-56.979808647464374
180.0,99.50986340011565,-56.979808647464374
200.0,99.50986340011565,-56.979808647464374
220.0,99.50986340011565,-56.979808647464374
240.0,99.50986340011565,-56.979808647464374
260.0,99.50986340011565,-56.979808647464374
280.0,99.50986340011565,-56.979808647464374
300.0,99.50986340011565,-56.979808647464374
320.0,99.50986340011565,-56.979808647464374
340.0,99.50986340011565,-56.979808647464374
0.0,100.52174596596792,80.52795540257361
20.0,100.52174596596792,80.52795540257361
40.0,100.52174596596792,80.52795540257361
60.0,100.52174596596792,80.52795540257361
80.0,100.52174596596792,80.52795540257361
100.0,100.52174596596792,80.52795540257361
120.0,100.52174596596792,80.52795540257361
140.0,100.52174596596792,80.52795540257361
160.0,100.52174596596792,80.52795540257361
180.0,100.52174596596792,80.52795540257361
200.0,100.52174596596792,80.52795540257361
220.0,100.52174596596792,80.52795540257361
240.0,100.52174596596792,80.52795540257361
260.0,100.52174596596792,80.52795540257361
280.0,100.52174596596792,80.52795540257361
300.0,100.52174596596792,80.52795540257361
320.0,100.52174596596792,80.52795540257361
340.0,100.52174596596792,80.52795540257361
0.0,101.53695903281549,-141.96428054738846
20.0,101.53695903281549,-141.96428054738846
40.0,101.53695903281549,-141.96428054738846
60.0,101.53695903281549,-141.96428054738846
80.0,101.53695903281549,-141.96428054738846
100.0,101.53695903281549,-141.96428054738846
120.0,101.53695903281549,-141.96428054738846
140.0,101.53695903281549,-141.96428054738846
160.0,101.53695903281549,-141.96428054738846
180.0,101.53695903281549,-141.96428054738846
200.0,101.53695903281549,-141.96428054738846
220.0,101.53695903281549,-141.96428054738846
240.0,101.53695903281549,-141.96428054738846
260.0,101.53695903281549,-141.96428054738846
280.0,101.53695903281549,-141.96428054738846
300.0,101.53695903281549,-141.96428054738846
320.0,101.53695903281549,-141.96428054738846
340.0,101.53695903281549,-141.96428054738846
0.0,102.55585779858599,-4.4565164973504725
20.0,102.55585779858599,-4.4565164973504725
40.0,102.55585779858599,-4.4565164973504725
60.0,102.55585779858599,-4.4565164973504725
80.0,102.55585779858599,-4.4565164973504725
100.0,102.55585779858599,-4.4565164973504725
120.0,102.55585779858599,-4.4565164973504725
140.0,102.55585779858599,-4.4565164973504725
160.0,102.55585779858599,-4.4565164973504725
180.0,102.55585779858599,-4.4565164973504725
200.0,102.55585779858599,-4.4565164973504725
220.0,102.55585779858599,-4.4565164973504725
240.0,102.55585779858599,-4.4565164973504725
260.0,102.55585779858599,-4.4565164973504725
280.0,102.55585779858599,-4.4565164973504725
300.0,102.55585779858599,-4.4565164973504725
320.0,102.55585779858599,-4.4565164973504725
340.0,102.55585779858599,-4.4565164973504725
0.0,103.57880865158991,133.05124755268588
20.0,103.57880865158991,133.05124755268588
40.0,103.57880865158991,133.05124755268588
60.0,103.57880865158991,133.05124755268588
80.0,103.57880865158991,133.05124755268588
100.0,103.57880865158991,133.05124755268588
120.0,103.57880865158991,133.05124755268588
140.0,103.57880865158991,133.05124755268588
160.0,103.57880865158991,133.05124755268588
180.0,103.57880865158991,133.05124755268588
200.0,103.57880865158991,133.05124755268588
220.0,103.57880865158991,133.05124755268588
240.0,103.57880865158991,133.05124755268588
260.0,103.57880865158991,133.05124755268588
280.0,103.57880865158991,133.05124755268588
300.0,103.57880865158991,133.05124755268588
320.0,103.57880865158991,133.05124755268588
340.0,103.57880865158991,133.05124755268588
0.0,104.60619053046338,-89.44098839727619
20.0,104.60619053046338,-89.44098839727619
40.0,104.60619053046338,-89.44098839727619
60.0,104.60619053046338,-89.44098839727619
80.0,104.60619053046338,-89.44098839727619
100.0,104.60619053046338,-89.44098839727619
120.0,104.60619053046338,-89.44098839727619
140.0,104.60619053046338,-89.44098839727619
160.0,104.60619053046338,-89.44098839727619
180.0,104.60619053046338,-89.44098839727619
200.0,104.60619053046338,-89.44098839727619
220.0,104.60619053046338,-89.44098839727619
240.0,104.60619053046338,-89.44098839727619
260.0,104.60619053046338,-89.44098839727619
280.0,104.60619053046338,-89.44098839727619
300.0,104.60619053046338,-89.44098839727619
320.0,104.60619053046338,-89.44098839727619
340.0,104.60619053046338,-89.44098839727619
0.0,105.63839639872077,48.06677565276181
20.0,105.63839639872077,48.06677565276181
40.0,105.63839639872077,48.06677565276181
60.0,105.63839639872077,48.06677565276181
80.0,105.63839639872077,48.06677565276181
100.0,105.63839639872077,48.06677565276181
120.0,105.63839639872077,48.06677565276181
140.0,105.63839639872077,48.06677565276181
160.0,105.63839639872077,48.06677565276181
180.0,105.63839639872077,48.06677565276181
200.0,105.63839639872077,48.06677565276181
220.0,105.63839639872077,48.06677565276181
240.0,105.63839639872077,48.06677565276181
260.0,105.63839639872077,48.06677565276181
280.0,105.63839639872077,48.06677565276181
300.0,105.63839639872077,48.06677565276181
320.0,105.63839639872077,48.06677565276181
340.0,105.63839639872077,48.06677565276181
0.0,106.67583485134287,-174.42546029720023
20.0,106.67583485134287,-174.42546029720023
40.0,106.67583485134287,-174.42546029720023
60.0,106.67583485134287,-174.42546029720023
80.0,106.67583485134287,-174.42546029720023
100.0,106.67583485134287,-174.42546029720023
120.0,106.67583485134287,-174.42546029720023
140.0,106.67583485134287,-174.42546029720023
160.0,106.67583485134287,-174.42546029720023
180.0,106.67583485134287,-174.42546029720023
200.0,106.67583485134287,-174.42546029720023
220.0,106.67583485134287,-174.42546029720023
240.0,106.67583485134287,-174.42546029720023
260.0,106.67583485134287,-174.42546029720023
280.0,106.67583485134287,-174.42546029720023
300.0,106.67583485134287,-174.42546029720023
320.0,106.67583485134287,-174.42546029720023
340.0,106.67583485134287,-174.42546029720023
0.0,107.71893187340707,-36.91769624716227
20.0,107.71893187340707,-36.91769624716227
40.0,107.71893187340707,-36.91769624716227
60.0,107.71893187340707,-36.91769624716227
80.0,107.71893187340707,-36.91769624716227
100.0,107.71893187340707,-36.91769624716227
120.0,107.71893187340707,-36.91769624716227
140.0,107.71893187340707,-36.91769624716227
160.0,107.71893187340707,-36.91769624716227
180.0,107.71893187340707,-36.91769624716227
200.0,107.71893187340707,-36.91769624716227
220.0,107.71893187340707,-36.91769624716227
240.0,107.71893187340707,-36.91769624716227
260.0,107.71893187340707,-36.91769624716227
280.0,107.71893187340707,-36.91769624716227
300.0,107.71893187340707,-36.91769624716227
320.0,107.71893187340707,-36.91769624716227
340.0,107.71893187340707,-36.91769624716227
0.0,108.76813277386256,100.5900678028757
20.0,108.76813277386256,100.5900678028757
40.0,108.76813277386256,100.5900678028757
60.0,108.76813277386256,100.5900678028757
80.0,108.76813277386256,100.5900678028757
100.0,108.76813277386256,100.5900678028757
120.0,108.76813277386256,100.5900678028757
140.0,108.76813277386256,100.5900678028757
160.0,108.76813277386256,100.5900678028757
180.0,108.76813277386256,100.5900678028757
200.0,108.76813277386256,100.5900678028757
220.0,108.76813277386256,100.5900678028757
240.0,108.76813277386256,100.5900678028757
260.0,108.76813277386256,100.5900678028757
280.0,108.76813277386256,100.5900678028757
300.0,108.76813277386256,100.5900678028757
320.0,108.76813277386256,100.5900678028757
340.0,108.76813277386256,100.5900678028757
0.0,109.82390432126373,-121.90216814708633
20.0,109.82390432126373,-121.90216814708633
40.0,109.82390432126373,-121.90216814708633
60.0,109.82390432126373,-121.90216814708633
80.0,109.82390432126373,-121.90216814708633
100.0,109.82390432126373,-121.90216814708633
120.0,109.82390432126373,-121.90216814708633
140.0,109.82390432126373,-121.90216814708633
160.0,109.82390432126373,-121.90216814708633
180.0,109.82390432126373,-121.90216814708633
200.0,109.82390432126373,-121.90216814708633
220.0,109.82390432126373,-121.90216814708633
240.0,109.82390432126373,-121.90216814708633
260.0,109.82390432126373,-121.90216814708633
280.0,109.82390432126373,-121.90216814708633
300.0,109.82390432126373,-121.90216814708633
320.0,109.82390432126373,-121.90216814708633
340.0,109.82390432126373,-121.90216814708633
0.0,110.88673711274501,15.605595902951633
20.0,110.88673711274501,15.605595902951633
40.0,110.88673711274501,15.605595902951633
60.0,110.88673711274501,15.605595902951633
80.0,110.88673711274501,15.605595902951633
100.0,110.88673711274501,15.605595902951633
120.0,110.88673711274501,15.605595902951633
140.0,110.88673711274501,15.605595902951633
160.0,110.88673711274501,15.605595902951633
180.0,110.88673711274501,15.605595902951633
200.0,110.88673711274501,15.605595902951633
220.0,110.88673711274501,15.605595902951633
240.0,110.88673711274501,15.605595902951633
260.0,110.88673711274501,15.605595902951633
280.0,110.88673711274501,15.605595902951633
300.0,110.88673711274501,15.605595902951633
320.0,110.88673711274501,15.605595902951633
340.0,110.88673711274501,15.605595902951633
0.0,111.95714821292052,153.1133599529896
20.0,111.95714821292052,153.1133599529896
40.0,111.95714821292052,153.1133599529896
60.0,111.95714821292052,153.1133599529896
80.0,111.95714821292052,153.1133599529896
100.0,111.95714821292052,153.1133599529896
120.0,111.95714821292052,153.1133599529896
140.0,111.95714821292052,153.1133599529896
160.0,111.95714821292052,153.1133599529896
180.0,111.95714821292052,153.1133599529896
200.0,111.95714821292052,153.1133599529896
220.0,111.95714821292052,153.1133599529896
240.0,111.95714821292052,153.1133599529896
260.0,111.95714821292052,153.1133599529896
280.0,111.95714821292052,153.1133599529896
300.0,111.95714821292052,153.1133599529896
320.0,111.95714821292052,153.1133599529896
340.0,111.95714821292052,153.1133599529896
0.0,113.03568410594136,-69.37887599697244
20.0,113.03568410594136,-69.37887599697244
40.0,113.03568410594136,-69.37887599697244
60.0,113.03568410594136,-69.37887599697244
80.0,113.03568410594136,-69.37887599697244
100.0,113.03568410594136,-69.37887599697244
120.0,113.03568410594136,-69.37887599697244
140.0,113.03568410594136,-69.37887599697244
160.0,113.03568410594136,-69.37887599697244
180.0,113.03568410594136,-69.37887599697244
200.0,113.03568410594136,-69.37887599697244
220.0,113.03568410594136,-69.37887599697244
240.0,113.03568410594136,-69.37887599697244
260.0,113.03568410594136,-69.37887599697244
280.0,113.03568410594136,-69.37887599697244
300.0,113.03568410594136,-69.37887599697244
320.0,113.03568410594136,-69.37887599697244
340.0,113.03568410594136,-69.37887599697244
0.0,114.1229240119235,68.12888805306554
20.0,114.1229240119235,68.12888805306554
40.0,114.1229240119235,68.12888805306554
60.0,114.1229240119235,68.12888805306554
80.0,114.1229240119235,68.12888805306554
100.0,114.1229240119235,68.12888805306554
120.0,114.1229240119235,68.12888805306554
140.0,114.1229240119235,68.12888805306554
160.0,114.1229240119235,68.12888805306554
180.0,114.1229240119235,68.12888805306554
200.0,114.1229240119235,68.12888805306554
220.0,114.1229240119235,68.12888805306554
240.0,114.1229240119235,68.12888805306554
260.0,114.1229240119235,68.12888805306554
280.0,114.1229240119235,68.12888805306554
300.0,114.1229240119235,68.12888805306554
320.0,114.1229240119235,68.12888805306554
340.0,114.1229240119235,68.12888805306554
0.0,115.21948362873096,-154.3633478968965
20.0,115.21948362873096,-154.3633478968965
40.0,115.21948362873096,-154.3633478968965
60.0,115.21948362873096,-154.3633478968965
80.0,115.21948362873096,-154.3633478968965
100.0,115.21948362873096,-154.3633478968965
120.0,115.21948362873096,-154.3633478968965
140.0,115.21948362873096,-154.3633478968965
160.0,115.21948362873096,-154.3633478968965
180.0,115.21948362873096,-154.3633478968965
200.0,115.21948362873096,-154.3633478968965
220.0,115.21948362873096,-154.3633478968965
240.0,115.21948362873096,-154.3633478968965
260.0,115.21948362873096,-154.3633478968965
280.0,115.21948362873096,-154.3633478968965
300.0,115.21948362873096,-154.3633478968965
320.0,115.21948362873096,-154.3633478968965
340.0,115.21948362873096,-154.3633478968965
0.0,116.32601937212391,-16.855583846858533
20.0,116.32601937212391,-16.855583846858533
40.0,116.32601937212391,-16.855583846858533
60.0,116.32601937212391,-16.855583846858533
80.0,116.32601937212391,-16.855583846858533
100.0,116.32601937212391,-16.855583846858533
120.0,116.32601937212391,-16.855583846858533
140.0,116.32601937212391,-16.855583846858533
160.0,116.32601937212391,-16.855583846858533
180.0,116.32601937212391,-16.855583846858533
200.0,116.32601937212391,-16.855583846858533
220.0,116.32601937212391,-16.855583846858533
240.0,116.32601937212391,-16.855583846858533
260.0,116.32601937212391,-16.855583846858533
280.0,116.32601937212391,-16.855583846858533
300.0,116.32601937212391,-16.855583846858533
320.0,116.32601937212391,-16.855583846858533
340.0,116.32601937212391,-16.855583846858533
0.0,117.44323320216459,120.65218020317779
20.0,117.44323320216459,120.65218020317779
40.0,117.44323320216459,120.65218020317779
60.0,117.44323320216459,120.65218020317779
80.0,117.44323320216459,120.65218020317779
100.0,117.44323320216459,120.65218020317779
120.0,117.44323320216459,120.65218020317779
140.0,117.44323320216459,120.65218020317779
160.0,117.44323320216459,120.65218020317779
180.0,117.44323320216459,120.65218020317779
200.0,117.44323320216459,120.65218020317779
220.0,117.44323320216459,120.65218020317779
240.0,117.44323320216459,120.65218020317779
260.0,117.44323320216459,120.65218020317779
280.0,117.44323320216459,120.65218020317779
300.0,117.44323320216459,120.65218020317779
320.0,117.44323320216459,120.65218020317779
340.0,117.44323320216459,120.65218020317779
0.0,118.57187814230886,-101.84005574678423
20.0,118.57187814230886,-101.84005574678423
40.0,118.57187814230886,-101.84005574678423
60.0,118.57187814230886,-101.84005574678423
80.0,118.57187814230886,-101.84005574678423
100.0,118.57187814230886,-101.84005574678423
120.0,118.57187814230886,-101.84005574678423
140.0,118.57187814230886,-101.84005574678423
160.0,118.57187814230886,-101.84005574678423
180.0,118.57187814230886,-101.84005574678423
200.0,118.57187814230886,-101.84005574678423
220.0,118.57187814230886,-101.84005574678423
240.0,118.57187814230886,-101.84005574678423
260.0,118.57187814230886,-101.84005574678423
280.0,118.57187814230886,-101.84005574678423
300.0,118.57187814230886,-101.84005574678423
320.0,118.57187814230886,-101.84005574678423
340.0,118.57187814230886,-101.84005574678423
0.0,119.712764620836,35.66770830325374
20.0,119.712764620836,35.66770830325374
40.0,119.712764620836,35.66770830325374
60.0,119.712764620836,35.66770830325374
80.0,119.712764620836,35.66770830325374
100.0,119.712764620836,35.66770830325374
120.0,119.712764620836,35.66770830325374
140.0,119.712764620836,35.66770830325374
160.0,119.712764620836,35.66770830325374
180.0,119.712764620836,35.66770830325374
200.0,119.712764620836,35.66770830325374
220.0,119.712764620836,35.66770830325374
240.0,119.712764620836,35.66770830325374
260.0,119.712764620836,35.66770830325374
280.0,119.712764620836,35.66770830325374
300.0,119.712764620836,35.66770830325374
320.0,119.712764620836,35.66770830325374
340.0,119.712764620836,35.66770830325374
0.0,120.86676779358153,173.17547235329175
20.0,120.86676779358153,173.17547235329175
40.0,120.86676779358153,173.17547235329175
60.0,120.86676779358153,173.17547235329175
80.0,120.86676779358153,173.17547235329175
100.0,120.86676779358153,173.17547235329175
120.0,120.86676779358153,173.17547235329175
140.0,120.86676779358153,173.17547235329175
160.0,120.86676779358153,173.17547235329175
180.0,120.86676779358153,173.17547235329175
200.0,120.86676779358153,173.17547235329175
220.0,120.86676779358153,173.17547235329175
240.0,120.86676779358153,173.17547235329175
260.0,120.86676779358153,173.17547235329175
280.0,120.86676779358153,173.17547235329175
300.0,120.86676779358153,173.17547235329175
320.0,120.86676779358153,173.17547235329175
340.0,120.86676779358153,173.17547235329175
0.0,122.03483604419755,-49.31676359667033
20.0,122.03483604419755,-49.31676359667033
40.0,122.03483604419755,-49.31676359667033
60.0,122.03483604419755,-49.31676359667033
80.0,122.03483604419755,-49.31676359667033
100.0,122.03483604419755,-49.31676359667033
120.0,122.03483604419755,-49.31676359667033
140.0,122.03483604419755,-49.31676359667033
160.0,122.03483604419755,-49.31676359667033
180.0,122.03483604419755,-49.31676359667033
200.0,122.03483604419755,-49.31676359667033
220.0,122.03483604419755,-49.31676359667033
240.0,122.03483604419755,-49.31676359667033
260.0,122.03483604419755,-49.31676359667033
280.0,122.03483604419755,-49.31676359667033
300.0,122.03483604419755,-49.31676359667033
320.0,122.03483604419755,-49.31676359667033
340.0,122.03483604419755,-49.31676359667033
0.0,123.2180009059106,88.19100045336765
20.0,123.2180009059106,88.19100045336765
40.0,123.2180009059106,88.19100045336765
60.0,123.2180009059106,88.19100045336765
80.0,123.2180009059106,88.19100045336765
100.0,123.2180009059106,88.19100045336765
120.0,123.2180009059106,88.19100045336765
140.0,123.2180009059106,88.19100045336765
160.0,123.2180009059106,88.19100045336765
180.0,123.2180009059106,88.19100045336765
200.0,123.2180009059106,88.19100045336765
220.0,123.2180009059106,88.19100045336765
240.0,123.2180009059106,88.19100045336765
260.0,123.2180009059106,88.19100045336765
280.0,123.2180009059106,88.19100045336765
300.0,123.2180009059106,88.19100045336765
320.0,123.2180009059106,88.19100045336765
340.0,123.2180009059106,88.19100045336765
0.0,124.41738871044159,-134.3012354965944
20.0,124.41738871044159,-134.3012354965944
40.0,124.41738871044159,-134.3012354965944
60.0,124.41738871044159,-134.3012354965944
80.0,124.41738871044159,-134.3012354965944
100.0,124.41738871044159,-134.3012354965944
120.0,124.41738871044159,-134.3012354965944
140.0,124.41738871044159,-134.3012354965944
160.0,124.41738871044159,-134.3012354965944
180.0,124.41738871044159,-134.3012354965944
200.0,124.41738871044159,-134.3012354965944
220.0,124.41738871044159,-134.3012354965944
240.0,124.41738871044159,-134.3012354965944
260.0,124.41738871044159,-134.3012354965944
280.0,124.41738871044159,-134.3012354965944
300.0,124.41738871044159,-134.3012354965944
320.0,124.41738871044159,-134.3012354965944
340.0,124.41738871044159,-134.3012354965944
0.0,125.63423435020525,3.2065285534435737
20.0,125.63423435020525,3.2065285534435737
40.0,125.63423435020525,3.2065285534435737
60.0,125.63423435020525,3.2065285534435737
80.0,125.63423435020525,3.2065285534435737
100.0,125.63423435020525,3.2065285534435737
120.0,125.63423435020525,3.2065285534435737
140.0,125.63423435020525,3.2065285534435737
160.0,125.63423435020525,3.2065285534435737
180.0,125.63423435020525,3.2065285534435737
200.0,125.63423435020525,3.2065285534435737
220.0,125.63423435020525,3.2065285534435737
240.0,125.63423435020525,3.2065285534435737
260.0,125.63423435020525,3.2065285534435737
280.0,125.63423435020525,3.2065285534435737
300.0,125.63423435020525,3.2065285534435737
320.0,125.63423435020525,3.2065285534435737
340.0,125.63423435020525,3.2065285534435737
0.0,126.86989764584403,140.71429260348154
20.0,126.86989764584403,140.71429260348154
40.0,126.86989764584403,140.71429260348154
60.0,126.86989764584403,140.71429260348154
80.0,126.86989764584403,140.71429260348154
100.0,126.86989764584403,140.71429260348154
120.0,126.86989764584403,140.71429260348154
140.0,126.86989764584403,140.71429260348154
160.0,126.86989764584403,140.71429260348154
180.0,126.86989764584403,140.71429260348154
200.0,126.86989764584403,140.71429260348154
220.0,126.86989764584403,140.71429260348154
240.0,126.86989764584403,140.71429260348154
260.0,126.86989764584403,140.71429260348154
280.0,126.86989764584403,140.71429260348154
300.0,126.86989764584403,140.71429260348154
320.0,126.86989764584403,140.71429260348154
340.0,126.86989764584403,140.71429260348154
0.0,128.12588295212643,-81.7779433464805
20.0,128.12588295212643,-81.7779433464805
40.0,128.12588295212643,-81.7779433464805
60.0,128.12588295212643,-81.7779433464805
80.0,128.12588295212643,-81.7779433464805
100.0,128.12588295212643,-81.7779433464805
120.0,128.12588295212643,-81.7779433464805
140.0,128.12588295212643,-81.7779433464805
160.0,128.12588295212643,-81.7779433464805
180.0,128.12588295212643,-81.7779433464805
200.0,128.12588295212643,-81.7779433464805
220.0,128.12588295212643,-81.7779433464805
240.0,128.12588295212643,-81.7779433464805
260.0,128.12588295212643,-81.7779433464805
280.0,128.12588295212643,-81.7779433464805
300.0,128.12588295212643,-81.7779433464805
320.0,128.12588295212643,-81.7779433464805
340.0,128.12588295212643,-81.7779433464805
0.0,129.4038628249865,55.729820703557486
20.0,129.4038628249865,55.729820703557486
40.0,129.4038628249865,55.729820703557486
60.0,129.4038628249865,55.729820703557486
80.0,129.4038628249865,55.729820703557486
100.0,129.4038628249865,55.729820703557486
120.0,129.4038628249865,55.729820703557486
140.0,129.4038628249865,55.729820703557486
160.0,129.4038628249865,55.729820703557486
180.0,129.4038628249865,55.729820703557486
200.0,129.4038628249865,55.729820703557486
220.0,129.4038628249865,55.729820703557486
240.0,129.4038628249865,55.729820703557486
260.0,129.4038628249865,55.729820703557486
280.0,129.4038628249865,55.729820703557486
300.0,129.4038628249865,55.729820703557486
320.0,129.4038628249865,55.729820703557486
340.0,129.4038628249865,55.729820703557486
0.0,130.70570683104143,-166.76241524640457
20.0,130.70570683104143,-166.76241524640457
40.0,130.70570683104143,-166.76241524640457
60.0,130.70570683104143,-166.76241524640457
80.0,130.70570683104143,-166.76241524640457
100.0,130.70570683104143,-166.76241524640457
120.0,130.70570683104143,-166.76241524640457
140.0,130.70570683104143,-166.76241524640457
160.0,130.70570683104143,-166.76241524640457
180.0,130.70570683104143,-166.76241524640457
200.0,130.70570683104143,-166.76241524640457
220.0,130.70570683104143,-166.76241524640457
240.0,130.70570683104143,-166.76241524640457
260.0,130.70570683104143,-166.76241524640457
280.0,130.70570683104143,-166.76241524640457
300.0,130.70570683104143,-166.76241524640457
320.0,130.70570683104143,-166.76241524640457
340.0,130.70570683104143,-166.76241524640457
0.0,132.0335169380183,-29.254651196368215
20.0,132.0335169380183,-29.254651196368215
40.0,132.0335169380183,-29.254651196368215
60.0,132.0335169380183,-29.254651196368215
80.0,132.0335169380183,-29.254651196368215
100.0,132.0335169380183,-29.254651196368215
120.0,132.0335169380183,-29.254651196368215
140.0,132.0335169380183,-29.254651196368215
160.0,132.0335169380183,-29.254651196368215
180.0,132.0335169380183,-29.254651196368215
200.0,132.0335169380183,-29.254651196368215
220.0,132.0335169380183,-29.254651196368215
240.0,132.0335169380183,-29.254651196368215
260.0,132.0335169380183,-29.254651196368215
280.0,132.0335169380183,-29.254651196368215
300.0,132.0335169380183,-29.254651196368215
320.0,132.0335169380183,-29.254651196368215
340.0,132.0335169380183,-29.254651196368215
0.0,133.38967142497904,108.25311285366976
20.0,133.38967142497904,108.25311285366976
40.0,133.38967142497904,108.25311285366976
60.0,133.38967142497904,108.25311285366976
80.0,133.38967142497904,108.25311285366976
100.0,133.38967142497904,108.25311285366976
120.0,133.38967142497904,108.25311285366976
140.0,133.38967142497904,108.25311285366976
160.0,133.38967142497904,108.25311285366976
180.0,133.38967142497904,108.25311285366976
200.0,133.38967142497904,108.25311285366976
220.0,133.38967142497904,108.25311285366976
240.0,133.38967142497904,108.25311285366976
260.0,133.38967142497904,108.25311285366976
280.0,133.38967142497904,108.25311285366976
300.0,133.38967142497904,108.25311285366976
320.0,133.38967142497904,108.25311285366976
340.0,133.38967142497904,108.25311285366976
0.0,134.7768799639835,-114.2391230962923
20.0,134.7768799639835,-114.2391230962923
40.0,134.7768799639835,-114.2391230962923
60.0,134.7768799639835,-114.2391230962923
80.0,134.7768799639835,-114.2391230962923
100.0,134.7768799639835,-114.2391230962923
120.0,134.7768799639835,-114.2391230962923
140.0,134.7768799639835,-114.2391230962923
160.0,134.7768799639835,-114.2391230962923
180.0,134.7768799639835,-114.2391230962923
200.0,134.7768799639835,-114.2391230962923
220.0,134.7768799639835,-114.2391230962923
240.0,134.7768799639835,-114.2391230962923
260.0,134.7768799639835,-114.2391230962923
280.0,134.7768799639835,-114.2391230962923
300.0,134.7768799639835,-114.2391230962923
320.0,134.7768799639835,-114.2391230962923
340.0,134.7768799639835,-114.2391230962923
0.0,136.19825355805625,23.26864095374568
20.0,136.19825355805625,23.26864095374568
40.0,136.19825355805625,23.26864095374568
60.0,136.19825355805625,23.26864095374568
80.0,136.19825355805625,23.26864095374568
100.0,136.19825355805625,23.26864095374568
120.0,136.19825355805625,23.26864095374568
140.0,136.19825355805625,23.26864095374568
160.0,136.19825355805625,23.26864095374568
180.0,136.19825355805625,23.26864095374568
200.0,136.19825355805625,23.26864095374568
220.0,136.19825355805625,23.26864095374568
240.0,136.19825355805625,23.26864095374568
260.0,136.19825355805625,23.26864095374568
280.0,136.19825355805625,23.26864095374568
300.0,136.19825355805625,23.26864095374568
320.0,136.19825355805625,23.26864095374568
340.0,136.19825355805625,23.26864095374568
0.0,137.65739454779282,160.77640500378365
20.0,137.65739454779282,160.77640500378365
40.0,137.65739454779282,160.77640500378365
60.0,137.65739454779282,160.77640500378365
80.0,137.65739454779282,160.77640500378365
100.0,137.65739454779282,160.77640500378365
120.0,137.65739454779282,160.77640500378365
140.0,137.65739454779282,160.77640500378365
160.0,137.65739454779282,160.77640500378365
180.0,137.65739454779282,160.77640500378365
200.0,137.65739454779282,160.77640500378365
220.0,137.65739454779282,160.77640500378365
240.0,137.65739454779282,160.77640500378365
260.0,137.65739454779282,160.77640500378365
280.0,137.65739454779282,160.77640500378365
300.0,137.65739454779282,160.77640500378365
320.0,137.65739454779282,160.77640500378365
340.0,137.65739454779282,160.77640500378365
0.0,139.15851420692033,-61.71583094617839
20.0,139.15851420692033,-61.71583094617839
40.0,139.15851420692033,-61.71583094617839
60.0,139.15851420692033,-61.71583094617839
80.0,139.15851420692033,-61.71583094617839
100.0,139.15851420692033,-61.71583094617839
120.0,139.15851420692033,-61.71583094617839
140.0,139.15851420692033,-61.71583094617839
160.0,139.15851420692033,-61.71583094617839
180.0,139.15851420692033,-61.71583094617839
200.0,139.15851420692033,-61.71583094617839
220.0,139.15851420692033,-61.71583094617839
240.0,139.15851420692033,-61.71583094617839
260.0,139.15851420692033,-61.71583094617839
280.0,139.15851420692033,-61.71583094617839
300.0,139.15851420692033,-61.71583094617839
320.0,139.15851420692033,-61.71583094617839
340.0,139.15851420692033,-61.71583094617839
0.0,140.70658902084875,75.79193310385958
20.0,140.70658902084875,75.79193310385958
40.0,140.70658902084875,75.79193310385958
60.0,140.70658902084875,75.79193310385958
80.0,140.70658902084875,75.79193310385958
100.0,140.70658902084875,75.79193310385958
120.0,140.70658902084875,75.79193310385958
140.0,140.70658902084875,75.79193310385958
160.0,140.70658902084875,75.79193310385958
180.0,140.70658902084875,75.79193310385958
200.0,140.70658902084875,75.79193310385958
220.0,140.70658902084875,75.79193310385958
240.0,140.70658902084875,75.79193310385958
260.0,140.70658902084875,75.79193310385958
280.0,140.70658902084875,75.79193310385958
300.0,140.70658902084875,75.79193310385958
320.0,140.70658902084875,75.79193310385958
340.0,140.70658902084875,75.79193310385958
0.0,142.30757243091088,-146.70030284610246
20.0,142.30757243091088,-146.70030284610246
40.0,142.30757243091088,-146.70030284610246
60.0,142.30757243091088,-146.70030284610246
80.0,142.30757243091088,-146.70030284610246
100.0,142.30757243091088,-146.70030284610246
120.0,142.30757243091088,-146.70030284610246
140.0,142.30757243091088,-146.70030284610246
160.0,142.30757243091088,-146.70030284610246
180.0,142.30757243091088,-146.70030284610246
200.0,142.30757243091088,-146.70030284610246
220.0,142.30757243091088,-146.70030284610246
240.0,142.30757243091088,-146.70030284610246
260.0,142.30757243091088,-146.70030284610246
280.0,142.30757243091088,-146.70030284610246
300.0,142.30757243091088,-146.70030284610246
320.0,142.30757243091088,-146.70030284610246
340.0,142.30757243091088,-146.70030284610246
0.0,143.96868817157602,-9.192538796064488
20.0,143.96868817157602,-9.192538796064488
40.0,143.96868817157602,-9.192538796064488
60.0,143.96868817157602,-9.192538796064488
80.0,143.96868817157602,-9.192538796064488
100.0,143.96868817157602,-9.192538796064488
120.0,143.96868817157602,-9.192538796064488
140.0,143.96868817157602,-9.192538796064488
160.0,143.96868817157602,-9.192538796064488
180.0,143.96868817157602,-9.192538796064488
200.0,143.96868817157602,-9.192538796064488
220.0,143.96868817157602,-9.192538796064488
240.0,143.96868817157602,-9.192538796064488
260.0,143.96868817157602,-9.192538796064488
280.0,143.96868817157602,-9.192538796064488
300.0,143.96868817157602,-9.192538796064488
320.0,143.96868817157602,-9.192538796064488
340.0,143.96868817157602,-9.192538796064488
0.0,145.69884724320843,128.3152252539735
20.0,145.69884724320843,128.3152252539735
40.0,145.69884724320843,128.3152252539735
60.0,145.69884724320843,128.3152252539735
80.0,145.69884724320843,128.3152252539735
100.0,145.69884724320843,128.3152252539735
120.0,145.69884724320843,128.3152252539735
140.0,145.69884724320843,128.3152252539735
160.0,145.69884724320843,128.3152252539735
180.0,145.69884724320843,128.3152252539735
200.0,145.69884724320843,128.3152252539735
220.0,145.69884724320843,128.3152252539735
240.0,145.69884724320843,128.3152252539735
260.0,145.69884724320843,128.3152252539735
280.0,145.69884724320843,128.3152252539735
300.0,145.69884724320843,128.3152252539735
320.0,145.69884724320843,128.3152252539735
340.0,145.69884724320843,128.3152252539735
0.0,147.5092588329337,-94.17701069598856
20.0,147.5092588329337,-94.17701069598856
40.0,147.5092588329337,-94.17701069598856
60.0,147.5092588329337,-94.17701069598856
80.0,147.5092588329337,-94.17701069598856
100.0,147.5092588329337,-94.17701069598856
120.0,147.5092588329337,-94.17701069598856
140.0,147.5092588329337,-94.17701069598856
160.0,147.5092588329337,-94.17701069598856
180.0,147.5092588329337,-94.17701069598856
200.0,147.5092588329337,-94.17701069598856
220.0,147.5092588329337,-94.17701069598856
240.0,147.5092588329337,-94.17701069598856
260.0,147.5092588329337,-94.17701069598856
280.0,147.5092588329337,-94.17701069598856
300.0,147.5092588329337,-94.17701069598856
320.0,147.5092588329337,-94.17701069598856
340.0,147.5092588329337,-94.17701069598856
0.0,149.41435826192838,43.33075335404941
20.0,149.41435826192838,43.33075335404941
40.0,149.41435826192838,43.33075335404941
60.0,149.41435826192838,43.33075335404941
80.0,149.41435826192838,43.33075335404941
100.0,149.41435826192838,43.33075335404941
120.0,149.41435826192838,43.33075335404941
140.0,149.41435826192838,43.33075335404941
160.0,149.41435826192838,43.33075335404941
180.0,149.41435826192838,43.33075335404941
200.0,149.41435826192838,43.33075335404941
220.0,149.41435826192838,43.33075335404941
240.0,149.41435826192838,43.33075335404941
260.0,149.41435826192838,43.33075335404941
280.0,149.41435826192838,43.33075335404941
300.0,149.41435826192838,43.33075335404941
320.0,149.41435826192838,43.33075335404941
340.0,149.41435826192838,43.33075335404941
0.0,151.43327954624215,-179.16148259591262
20.0,151.43327954624215,-179.16148259591262
40.0,151.43327954624215,-179.16148259591262
60.0,151.43327954624215,-179.16148259591262
80.0,151.43327954624215,-179.16148259591262
100.0,151.43327954624215,-179.16148259591262
120.0,151.43327954624215,-179.16148259591262
140.0,151.43327954624215,-179.16148259591262
160.0,151.43327954624215,-179.16148259591262
180.0,151.43327954624215,-179.16148259591262
200.0,151.43327954624215,-179.16148259591262
220.0,151.43327954624215,-179.16148259591262
240.0,151.43327954624215,-179.16148259591262
260.0,151.43327954624215,-179.16148259591262
280.0,151.43327954624215,-179.16148259591262
300.0,151.43327954624215,-179.16148259591262
320.0,151.43327954624215,-179.16148259591262
340.0,151.43327954624215,-179.16148259591262
0.0,153.59232273001342,-41.653718545874646
20.0,153.59232273001342,-41.653718545874646
40.0,153.59232273001342,-41.653718545874646
60.0,153.59232273001342,-41.653718545874646
80.0,153.59232273001342,-41.653718545874646
100.0,153.59232273001342,-41.653718545874646
120.0,153.59232273001342,-41.653718545874646
140.0,153.59232273001342,-41.653718545874646
160.0,153.59232273001342,-41.653718545874646
180.0,153.59232273001342,-41.653718545874646
200.0,153.59232273001342,-41.653718545874646
220.0,153.59232273001342,-41.653718545874646
240.0,153.59232273001342,-41.653718545874646
260.0,153.59232273001342,-41.653718545874646
280.0,153.59232273001342,-41.653718545874646
300.0,153.59232273001342,-41.653718545874646
320.0,153.59232273001342,-41.653718545874646
340.0,153.59232273001342,-41.653718545874646
0.0,155.9293853774335,95.85404550416334
20.0,155.9293853774335,95.85404550416334
40.0,155.9293853774335,95.85404550416334
60.0,155.9293853774335,95.85404550416334
80.0,155.9293853774335,95.85404550416334
100.0,155.9293853774335,95.85404550416334
120.0,155.9293853774335,95.85404550416334
140.0,155.9293853774335,95.85404550416334
160.0,155.9293853774335,95.85404550416334
180.0,155.9293853774335,95.85404550416334
200.0,155.9293853774335,95.85404550416334
220.0,155.9293853774335,95.85404550416334
240.0,155.9293853774335,95.85404550416334
260.0,155.9293853774335,95.85404550416334
280.0,155.9293853774335,95.85404550416334
300.0,155.9293853774335,95.85404550416334
320.0,155.9293853774335,95.85404550416334
340.0,155.9293853774335,95.85404550416334
0.0,158.50269135324712,-126.63819044579874
20.0,158.50269135324712,-126.63819044579874
40.0,158.50269135324712,-126.63819044579874
60.0,158.50269135324712,-126.63819044579874
80.0,158.50269135324712,-126.63819044579874
100.0,158.50269135324712,-126.63819044579874
120.0,158.50269135324712,-126.63819044579874
140.0,158.50269135324712,-126.63819044579874
160.0,158.50269135324712,-126.63819044579874
180.0,158.50269135324712,-126.63819044579874
200.0,158.50269135324712,-126.63819044579874
220.0,158.50269135324712,-126.63819044579874
240.0,158.50269135324712,-126.63819044579874
260.0,158.50269135324712,-126.63819044579874
280.0,158.50269135324712,-126.63819044579874
300.0,158.50269135324712,-126.63819044579874
320.0,158.50269135324712,-126.63819044579874
340.0,158.50269135324712,-126.63819044579874
0.0,161.41036349735424,10.869573604239246
20.0,161.41036349735424,10.869573604239246
40.0,161.41036349735424,10.869573604239246
60.0,161.41036349735424,10.869573604239246
80.0,161.41036349735424,10.869573604239246
100.0,161.41036349735424,10.869573604239246
120.0,161.41036349735424,10.869573604239246
140.0,161.41036349735424,10.869573604239246
160.0,161.41036349735424,10.869573604239246
180.0,161.41036349735424,10.869573604239246
200.0,161.41036349735424,10.869573604239246
220.0,161.41036349735424,10.869573604239246
240.0,161.41036349735424,10.869573604239246
260.0,161.41036349735424,10.869573604239246
280.0,161.41036349735424,10.869573604239246
300.0,161.41036349735424,10.869573604239246
320.0,161.41036349735424,10.869573604239246
340.0,161.41036349735424,10.869573604239246
0.0,164.84396374661992,148.3773376542772
20.0,164.84396374661992,148.3773376542772
40.0,164.84396374661992,148.3773376542772
60.0,164.84396374661992,148.3773376542772
80.0,164.84396374661992,148.3773376542772
100.0,164.84396374661992,148.3773376542772
120.0,164.84396374661992,148.3773376542772
140.0,164.84396374661992,148.3773376542772
160.0,164.84396374661992,148.3773376542772
180.0,164.84396374661992,148.3773376542772
200.0,164.84396374661992,148.3773376542772
220.0,164.84396374661992,148.3773376542772
240.0,164.84396374661992,148.3773376542772
260.0,164.84396374661992,148.3773376542772
280.0,164.84396374661992,148.3773376542772
300.0,164.84396374661992,148.3773376542772
320.0,164.84396374661992,148.3773376542772
340.0,164.84396374661992,148.3773376542772
0.0,169.29873455957602,-74.11489829568482
20.0,169.29873455957602,-74.11489829568482
40.0,169.29873455957602,-74.11489829568482
60.0,169.29873455957602,-74.11489829568482
80.0,169.29873455957602,-74.11489829568482
100.0,169.29873455957602,-74.11489829568482
120.0,169.29873455957602,-74.11489829568482
140.0,169.29873455957602,-74.11489829568482
160.0,169.29873455957602,-74.11489829568482
180.0,169.29873455957602,-74.11489829568482
200.0,169.29873455957602,-74.11489829568482
220.0,169.29873455957602,-74.11489829568482
240.0,169.29873455957602,-74.11489829568482
260.0,169.29873455957602,-74.11489829568482
280.0,169.29873455957602,-74.11489829568482
300.0,169.29873455957602,-74.11489829568482
320.0,169.29873455957602,-74.11489829568482
340.0,169.29873455957602,-74.11489829568482
0.0,180.0,0.0
20.0,180.0,0.0
40.0,180.0,0.0
60.0,180.0,0.0
80.0,180.0,0.0
100.0,180.0,0.0
120.0,180.0,0.0
140.0,180.0,0.0
160.0,180.0,0.0
180.0,180.0,0.0
200.0,180.0,0.0
220.0,180.0,0.0
240.0,180.0,0.0
260.0,180.0,0.0
280.0,180.0,0.0
300.0,180.0,0.0
320.0,180.0,0.0
340.0,180.0,0.0
