,ang_dist,cone_dist,inplane_dist,common_voxels,ccc,ccc_masked,cone_ang_dist,cone_cone_dist,cone_inplane_dist,cone_common_voxels,cone_ccc,cone_ccc_masked,inplane_ang_dist,inplane_cone_dist,inplane_inplane_dist,inplane_common_voxels,inplane_ccc,inplane_ccc_masked
0,0.0,0.0,0.0,44473.0,0.999999990249726,0.999999990249726,0.0,0.0,0.0,44473.0,0.999999990249726,0.999999990249726,0.0,0.0,0.0,44473.0,0.999999990249726,0.999999990249726
1,2.2360452719662183,0.9999999999999002,1.0,41665.0,0.9770767160066054,0.9770767160066054,1.414204587376545,0.9999999999999002,0.0,41885.0,1.0,1.0,0.9999999999997249,0.0,1.0,42545.0,1.0,1.0
2,4.4719542941297075,1.999999999999765,2.0,41567.0,0.8673382880009126,0.8673382880009126,2.828355321903896,1.999999999999765,0.0,41485.0,0.9454022117854771,0.9454022117854771,1.9999999999998004,0.0,2.0,42177.0,0.9766739990943042,0.9766739990943042
3,6.707590733669952,2.999999999999923,3.0,41591.0,0.7937061197190906,0.7937061197190906,4.242398336379447,2.999999999999923,0.0,41551.0,0.876674118401656,0.876674118401656,3.0000000000000884,0.0,3.0,42273.0,0.9192035298472399,0.9192035298472399
4,8.942818091649205,4.000000000000042,4.0,41569.0,0.7490403768062524,0.7490403768062524,5.6562797348856595,4.000000000000042,0.0,41557.0,0.8225845250235133,0.8225845250235133,3.9999999999998943,0.0,4.0,42365.0,0.8646097434455416,0.8646097434455416
5,11.177499619780882,4.999999999999992,5.0,41543.0,0.7151749117878602,0.7151749117878602,7.069945578430074,4.999999999999992,0.0,41485.0,0.7835493175202347,0.7835493175202347,4.999999999999906,0.0,5.0,42269.0,0.8195316437202731,0.8195316437202731
6,13.411498236963396,5.999999999999965,6.0,41531.0,0.6871005462048521,0.6871005462048521,8.483341870563546,5.999999999999965,0.0,41559.0,0.752880268850134,0.752880268850134,6.000000000000089,0.0,6.0,42369.0,0.7824443100521926,0.7824443100521926
7,15.644676445529212,6.9999999999999725,7.0,41583.0,0.6659182615194414,0.6659182615194414,9.896414542988197,6.9999999999999725,0.0,41539.0,0.7285036273470376,0.7285036273470376,7.000000000000101,0.0,7.0,42297.0,0.7538296050601299,0.7538296050601299
8,17.876896247126297,7.999999999999981,8.0,41577.0,0.6507459244085841,0.6507459244085841,11.309109441148529,7.999999999999981,0.0,41499.0,0.7091921650823719,0.7091921650823719,8.000000000000083,0.0,8.0,42305.0,0.7322891750986852,0.7322891750986852
9,20.108019058157538,8.999999999999984,9.0,41593.0,0.6365424989480454,0.6365424989480454,12.721372309794734,8.999999999999984,0.0,41477.0,0.6924434165660925,0.6924434165660925,9.00000000000002,0.0,9.0,42301.0,0.7134262110531723,0.7134262110531723
10,22.33790562470978,9.999999999999975,10.0,41555.0,0.622857712761992,0.622857712761992,14.133148778523188,9.999999999999975,0.0,41493.0,0.6788285909811639,0.6788285909811639,9.999999999999984,0.0,10.0,42297.0,0.6968061057859742,0.6968061057859742
11,24.56641593689463,10.999999999999993,11.0,41581.0,0.6125190688556017,0.6125190688556017,15.544384347284582,10.999999999999993,0.0,41519.0,0.6665815977558311,0.6665815977558311,10.999999999999943,0.0,11.0,42297.0,0.6835104799570225,0.6835104799570225
12,26.79340914253257,11.999999999999988,12.0,41559.0,0.6055507102913357,0.6055507102913357,16.955024371859913,11.999999999999988,0.0,41497.0,0.6557080391410879,0.6557080391410879,12.000000000000052,0.0,12.0,42269.0,0.6717669580311433,0.6717669580311433
13,29.018743460102378,12.999999999999996,13.0,41555.0,0.5983610977874292,0.5983610977874292,18.36501404929687,12.999999999999996,0.0,41517.0,0.6465892171948687,0.6465892171948687,13.000000000000043,0.0,13.0,42337.0,0.660824366579332,0.660824366579332
14,31.24227609088961,14.0,14.0,41583.0,0.5915870458638215,0.5915870458638215,19.774298403307757,14.0,0.0,41577.0,0.6386450477276756,0.6386450477276756,14.00000000000005,0.0,14.0,42289.0,0.6502069537037739,0.6502069537037739
15,33.46386313025452,14.999999999999996,15.0,41551.0,0.5876862987949312,0.5876862987949312,21.182822269620416,14.999999999999996,0.0,41559.0,0.6325176026485871,0.6325176026485871,15.000000000000027,0.0,15.0,42337.0,0.6427080811057906,0.6427080811057906
16,35.68335947795264,15.999999999999972,16.0,41651.0,0.5813450892669947,0.5813450892669947,22.590530281282334,15.999999999999995,0.0,41569.0,0.6255244775519466,0.6255244775519466,15.999999999999963,0.0,16.0,42353.0,0.6372125166223103,0.6372125166223103
17,37.90061874743379,16.999999999999968,17.0,41557.0,0.575536642297193,0.575536642297193,23.997366853913302,16.99999999999999,0.0,41569.0,0.6189038789135238,0.6189038789135238,17.000000000000004,0.0,17.0,42317.0,0.6312001943732036,0.6312001943732036
18,40.11549317404756,18.00000000000001,18.0,41587.0,0.5711679728357615,0.5711679728357615,25.403276170902156,17.999999999999986,0.0,41487.0,0.6122460760000373,0.6122460760000373,17.999999999999968,0.0,18.0,42269.0,0.6264937571024813,0.6264937571024813
19,42.3278335220864,18.999999999999975,19.0,41591.0,0.5656912169061197,0.5656912169061197,26.80820216854692,18.999999999999975,0.0,41531.0,0.6069483505705394,0.6069483505705394,18.99999999999998,0.0,19.0,42273.0,0.6203244512995096,0.6203244512995096
20,44.53748899059379,19.999999999999993,20.0,41547.0,0.5617808813577215,0.5617808813577215,28.21208852113278,19.999999999999993,0.0,41573.0,0.6033787745434701,0.6033787745434701,20.000000000000025,0.0,20.0,42305.0,0.6145370039779956,0.6145370039779956
21,46.7443071178688,20.999999999999986,21.0,41579.0,0.5584217352807094,0.5584217352807094,29.614878625945472,20.999999999999986,0.0,41545.0,0.5995465746682593,0.5995465746682593,20.999999999999982,0.0,21.0,42225.0,0.6090822594123881,0.6090822594123881
22,48.9481336845988,21.999999999999996,22.0,41601.0,0.5533559112613012,0.5533559112613012,31.016515588218535,21.999999999999996,0.0,41619.0,0.5958441923939038,0.5958441923939038,21.999999999999986,0.0,22.0,42305.0,0.604049437620276,0.604049437620276
23,51.148812615551314,22.999999999999993,23.0,41559.0,0.5465704948359774,0.5465704948359774,32.41694220600873,22.999999999999993,0.0,41577.0,0.591983950176864,0.591983950176864,23.000000000000014,0.0,23.0,42261.0,0.5997293166805681,0.5997293166805681
24,53.34618587975917,23.99999999999999,24.0,41547.0,0.5410066428437038,0.5410066428437038,33.816100954999484,23.99999999999999,0.0,41551.0,0.5903157039824138,0.5903157039824138,23.999999999999975,0.0,24.0,42305.0,0.5969369718569012,0.5969369718569012
25,55.540093389134725,25.000000000000004,25.0,41555.0,0.5371580512770827,0.5371580512770827,35.21393397322867,24.99999999999999,0.0,41587.0,0.5875656176302014,0.5875656176302014,25.000000000000004,0.0,25.0,42385.0,0.5943585332938686,0.5943585332938686
26,57.7303728954473,25.999999999999996,26.0,41545.0,0.5335620526190915,0.5335620526190915,36.61038304573711,25.999999999999996,0.0,41555.0,0.583408262008185,0.583408262008185,25.999999999999993,0.0,26.0,42433.0,0.5904188496216025,0.5904188496216025
27,59.91685988560488,26.999999999999996,27.0,41587.0,0.5304998813442329,0.5304998813442329,38.005389589137636,26.999999999999996,0.0,41591.0,0.5794635712553962,0.5794635712553962,27.00000000000002,0.0,27.0,42401.0,0.5881341556538479,0.5881341556538479
28,62.099387475178595,27.999999999999996,28.0,41543.0,0.5267205962344125,0.5267205962344125,39.39889463610048,27.999999999999996,0.0,41591.0,0.5760857823604184,0.5760857823604184,28.0,0.0,28.0,42377.0,0.5851142938216762,0.5851142938216762
29,64.27778630011413,29.00000000000001,29.0,41583.0,0.5245283688952967,0.5245283688952967,40.790838819754036,28.999999999999996,0.0,41593.0,0.5716295701556765,0.5716295701556765,29.000000000000014,0.0,29.0,42341.0,0.5817910381355548,0.5817910381355548
30,66.45188440657513,30.000000000000004,30.0,41579.0,0.5246050800869598,0.5246050800869598,42.18116235799819,29.99999999999998,0.0,41539.0,0.5670643543170826,0.5670643543170826,29.999999999999993,0.0,30.0,42313.0,0.5780792324240266,0.5780792324240266
31,68.62150713886848,31.0,31.0,41545.0,0.5252538842567444,0.5252538842567444,43.56980503772961,31.0,0.0,41541.0,0.5642244829417746,0.5642244829417746,31.000000000000018,0.0,31.0,42321.0,0.5753464166044802,0.5753464166044802
32,70.78647702540268,31.99999999999999,32.0,41559.0,0.5257522195189247,0.5257522195189247,44.95670619897573,31.99999999999999,0.0,41491.0,0.5602220412348864,0.5602220412348864,31.99999999999999,0.0,32.0,42289.0,0.5715259346984187,0.5715259346984187
33,72.94661366263803,33.0,33.0,41453.0,0.5238987666640332,0.5238987666640332,46.34180471893829,33.0,0.0,41527.0,0.5566830325146981,0.5566830325146981,33.0,0.0,33.0,42385.0,0.5687901783425369,0.5687901783425369
34,75.10173359698793,34.00000000000001,34.0,41595.0,0.5235622466928996,0.5235622466928996,47.725038995942796,34.00000000000001,0.0,41571.0,0.5542836210203262,0.5542836210203262,34.000000000000014,0.0,34.0,42345.0,0.5664596971556679,0.5664596971556679
35,77.25165020463892,35.0,35.0,41595.0,0.5223990562244459,0.5223990562244459,49.106346933294915,34.99999999999999,0.0,41549.0,0.551694541858128,0.551694541858128,35.0,0.0,35.0,42361.0,0.5653167723966517,0.5653167723966517
36,79.39617356926189,36.0,36.0,41565.0,0.522566643373772,0.522566643373772,50.48566592304224,36.0,0.0,41537.0,0.5492322068527131,0.5492322068527131,36.00000000000002,0.0,36.0,42341.0,0.5633579675643791,0.5633579675643791
37,81.53511035759179,37.0,37.0,41597.0,0.5225030039669297,0.5225030039669297,51.8629328296406,37.0,0.0,41557.0,0.5452004254155253,0.5452004254155253,37.0,0.0,37.0,42441.0,0.5573275616528227,0.5573275616528227
38,83.66826369286379,38.00000000000001,38.0,41559.0,0.5211266943499147,0.5211266943499147,53.238083973526024,38.000000000000014,0.0,41605.0,0.5443141851110765,0.5443141851110765,37.99999999999999,0.0,38.0,42313.0,0.5591839527484742,0.5591839527484742
39,85.79543302609778,38.99999999999999,39.0,41543.0,0.5192467824796781,0.5192467824796781,54.61105511459088,39.0,0.0,41587.0,0.5427275775924911,0.5427275775924911,38.99999999999999,0.0,39.0,42361.0,0.5574862257014225,0.5574862257014225
40,87.91641400523554,39.99999999999999,40.0,41569.0,0.5179995598606562,0.5179995598606562,55.98178143556566,39.99999999999999,0.0,41569.0,0.5418048148223111,0.5418048148223111,39.999999999999986,0.0,40.0,42273.0,0.5555775751604858,0.5555775751604858
41,90.03099834214207,40.999999999999986,41.0,41601.0,0.5185606029634663,0.5185606029634663,57.35019752530688,40.999999999999986,0.0,41561.0,0.5415710009690217,0.5415710009690217,41.00000000000002,0.0,41.0,42269.0,0.553890199058285,0.553890199058285
42,92.13897367749519,42.0,42.0,41547.0,0.5198142106193845,0.5198142106193845,58.71623736199178,42.0,0.0,41519.0,0.5411434109510928,0.5411434109510928,42.0,0.0,42.0,42269.0,0.5517645407738558,0.5517645407738558
43,94.2401234435988,43.0,43.0,41551.0,0.5201593220412245,0.5201593220412245,60.07983429622183,43.0,0.0,41569.0,0.5420403369648948,0.5420403369648948,42.99999999999999,0.0,43.0,42329.0,0.5493469392157196,0.5493469392157196
44,96.33422672516798,43.999999999999986,44.0,41591.0,0.522095442133312,0.522095442133312,61.440921034036286,43.999999999999986,0.0,41573.0,0.5424951860295708,0.5424951860295708,43.99999999999999,0.0,44.0,42269.0,0.5477099014432423,0.5477099014432423
45,98.42105811814942,44.999999999999986,45.0,41517.0,0.5209016463877243,0.5209016463877243,62.799429619838094,45.0,0.0,41491.0,0.5408572780034901,0.5408572780034901,45.00000000000001,0.0,45.0,42357.0,0.5459235865341293,0.5459235865341293
46,100.50038758665605,45.99999999999999,46.0,41539.0,0.5235593297389599,0.5235593297389599,64.15529141923497,45.99999999999999,0.0,41573.0,0.5432111577162588,0.5432111577162588,45.999999999999986,0.0,46.0,42269.0,0.5445578682495489,0.5445578682495489
47,102.57198031811251,46.99999999999999,47.0,41571.0,0.5257377194676138,0.5257377194676138,65.50843710179858,46.99999999999999,0.0,41569.0,0.5423892775695224,0.5423892775695224,47.0,0.0,47.0,42329.0,0.5417017721230316,0.5417017721230316
48,104.63559657672629,48.0,48.0,41521.0,0.5270277572890759,0.5270277572890759,66.85879662374492,48.0,0.0,41519.0,0.54061108108958,0.54061108108958,48.00000000000001,0.0,48.0,42269.0,0.5390616913198151,0.5390616913198151
49,106.69099155542152,48.99999999999999,49.0,41557.0,0.5278333186580072,0.5278333186580072,68.20629921054035,48.99999999999999,0.0,41561.0,0.5386270776014294,0.5386270776014294,49.0,0.0,49.0,42269.0,0.5367384123176155,0.5367384123176155
50,108.73791522639392,50.0,50.0,41545.0,0.5275190361405678,0.5275190361405678,69.55087333943784,50.0,0.0,41569.0,0.5362971902408232,0.5362971902408232,50.00000000000001,0.0,50.0,42273.0,0.5346821958954557,0.5346821958954557
51,110.77611219047019,50.99999999999999,51.0,41529.0,0.5254343389431456,0.5254343389431456,70.89244672194765,50.99999999999999,0.0,41587.0,0.5333302780094425,0.5333302780094425,50.99999999999999,0.0,51.0,42361.0,0.532221176359993,0.532221176359993
52,112.80532152548253,52.0,52.0,41595.0,0.5240901777304062,0.5240901777304062,72.23094628624911,52.0,0.0,41605.0,0.5309063163517468,0.5309063163517468,51.99999999999999,0.0,52.0,42313.0,0.5296728279840784,0.5296728279840784
53,114.82527663389715,53.0,53.0,41557.0,0.5239008687864849,0.5239008687864849,73.56629815954877,53.0,0.0,41557.0,0.5270027427765401,0.5270027427765401,52.999999999999986,0.0,53.0,42441.0,0.5248505576288066,0.5248505576288066
54,116.83570508996763,53.999999999999986,54.0,41543.0,0.5241946772907337,0.5241946772907337,74.89842765039239,53.999999999999986,0.0,41537.0,0.5268003846443033,0.5268003846443033,53.99999999999999,0.0,54.0,42341.0,0.5271274667272932,0.5271274667272932
55,118.8363284867174,54.999999999999986,55.0,41559.0,0.5225529169228633,0.5225529169228633,76.22725923093766,54.99999999999999,0.0,41549.0,0.5254701731724858,0.5254701731724858,55.0,0.0,55.0,42361.0,0.5255423238682717,0.5255423238682717
56,120.8268622830925,56.0,56.0,41565.0,0.5204256132014661,0.5204256132014661,77.55271651919618,56.0,0.0,41571.0,0.5240629546920449,0.5240629546920449,55.99999999999999,0.0,56.0,42345.0,0.5237600205762883,0.5237600205762883
57,122.80701565166504,57.00000000000001,57.0,41519.0,0.517067700672047,0.517067700672047,78.87472226125368,57.00000000000001,0.0,41527.0,0.5215687583069649,0.5215687583069649,57.0,0.0,57.0,42385.0,0.523073467021151,0.523073467021151
58,124.77649132730967,58.00000000000001,58.0,41591.0,0.5176458012004459,0.5176458012004459,80.19319831347727,58.00000000000002,0.0,41491.0,0.5202658626090817,0.5202658626090817,58.00000000000002,0.0,58.0,42289.0,0.5214598703899538,0.5214598703899538
59,126.73498545732119,59.00000000000001,59.0,41547.0,0.5168559672402383,0.5168559672402383,81.50806562472117,59.00000000000001,0.0,41541.0,0.5192303215210731,0.5192303215210731,58.99999999999999,0.0,59.0,42321.0,0.5207858117649714,0.5207858117649714
60,128.68218745348943,59.999999999999986,60.0,41531.0,0.5158052914758542,0.5158052914758542,82.8192442185417,59.999999999999986,0.0,41539.0,0.5161420787607914,0.5161420787607914,59.999999999999986,0.0,60.0,42313.0,0.5195807890240821,0.5195807890240821
61,130.61777984669925,60.999999999999986,61.0,41505.0,0.512485900827867,0.512485900827867,84.12665317543313,61.0,0.0,41593.0,0.5158559187733331,0.5158559187733331,60.999999999999986,0.0,61.0,42341.0,0.5190035298541018,0.5190035298541018
62,132.5414381446787,62.0,62.0,41603.0,0.5089642528514052,0.5089642528514052,85.43021061509813,61.999999999999986,0.0,41591.0,0.5151383373503664,0.5151383373503664,62.0,0.0,62.0,42377.0,0.5177303873666415,0.5177303873666415
63,134.45283069357663,63.0,63.0,41579.0,0.5049287083770555,0.5049287083770555,86.72983367876635,62.999999999999986,0.0,41591.0,0.5138998298767535,0.5138998298767535,63.000000000000014,0.0,63.0,42401.0,0.5159958201566885,0.5159958201566885
64,136.35161854411305,64.0,64.0,41515.0,0.5029332015710748,0.5029332015710748,88.0254385115759,64.0,0.0,41555.0,0.5121928068039877,0.5121928068039877,64.0,0.0,64.0,42433.0,0.5134365725697477,0.5134365725697477
65,138.2374553231104,65.00000000000001,65.0,41537.0,0.5008627650525799,0.5008627650525799,89.31694024503408,65.0,0.0,41587.0,0.5110991810765064,0.5110991810765064,65.0,0.0,65.0,42385.0,0.512904609541273,0.512904609541273
66,140.10998711128366,66.0,66.0,41533.0,0.4986911875316822,0.4986911875316822,90.6042529795737,65.99999999999999,0.0,41551.0,0.5099303324271145,0.5099303324271145,66.0,0.0,66.0,42305.0,0.5109843891301542,0.5109843891301542
67,141.96885232823828,67.0,67.0,41569.0,0.49827656794815756,0.49827656794815756,91.88728976722363,67.0,0.0,41577.0,0.509628104963424,0.509628104963424,66.99999999999999,0.0,67.0,42261.0,0.5092097608503142,0.5092097608503142
68,143.81368162570172,68.00000000000001,68.0,41573.0,0.4960714599713167,0.4960714599713167,93.16596259441228,68.00000000000001,0.0,41619.0,0.5100645554513028,0.5100645554513028,68.00000000000001,0.0,68.0,42305.0,0.5085614226796216,0.5085614226796216
69,145.6440977900911,69.0,69.0,41537.0,0.4960619812877915,0.4960619812877915,94.44018236492481,69.0,0.0,41545.0,0.5100758429779324,0.5100758429779324,69.0,0.0,69.0,42225.0,0.5072141851304623,0.5072141851304623
70,147.45971565560436,70.0,70.0,41561.0,0.49585048643094437,0.49585048643094437,95.70985888303566,70.0,0.0,41573.0,0.5103036553555297,0.5103036553555297,70.0,0.0,70.0,42305.0,0.5058042259737691,0.5058042259737691
71,149.26014202910235,71.0,71.0,41585.0,0.49373936187131073,0.49373936187131073,96.97490083683867,71.0,0.0,41531.0,0.5101136627467923,0.5101136627467923,71.0,0.0,71.0,42273.0,0.5040644483813935,0.5040644483813935
72,151.04497562814015,72.0,72.0,41559.0,0.4914956542433612,0.4914956542433612,98.23521578180001,72.0,0.0,41487.0,0.5104327043878168,0.5104327043878168,72.0,0.0,72.0,42269.0,0.5029980593474404,0.5029980593474404
73,152.81380703359105,73.0,73.0,41571.0,0.4893830861455652,0.4893830861455652,99.49071012455872,73.00000000000001,0.0,41569.0,0.510651402725366,0.510651402725366,73.00000000000001,0.0,73.0,42317.0,0.5009167907440578,0.5009167907440578
74,154.5662186583985,74.0,74.0,41545.0,0.4869170572935233,0.4869170572935233,100.74128910700206,74.0,0.0,41569.0,0.510861099771757,0.510861099771757,74.0,0.0,74.0,42353.0,0.4992579673217986,0.4992579673217986
75,156.301784734081,75.0,75.0,41595.0,0.4821481155450051,0.4821481155450051,101.98685679064441,75.0,0.0,41559.0,0.5101704722316539,0.5101704722316539,75.0,0.0,75.0,42337.0,0.49568292809940745,0.49568292809940745
76,158.020071316705,76.00000000000001,76.0,41579.0,0.47921882473663435,0.47921882473663435,103.22731604133925,76.0,0.0,41577.0,0.5091163831556333,0.5091163831556333,76.00000000000001,0.0,76.0,42289.0,0.4938379868775913,0.4938379868775913
77,159.72063631413093,77.0,77.0,41555.0,0.4796129873359499,0.4796129873359499,104.46256851435584,77.0,0.0,41517.0,0.5090396468962839,0.5090396468962839,77.0,0.0,77.0,42337.0,0.4937233863104731,0.4937233863104731
78,161.40302953642424,78.0,78.0,41567.0,0.4788457303134883,0.4788457303134883,105.69251463985408,78.0,0.0,41497.0,0.5085685806861183,0.5085685806861183,78.0,0.0,78.0,42269.0,0.4927630186514873,0.4927630186514873
79,163.0667927714078,79.0,79.0,41571.0,0.477697060534318,0.477697060534318,106.91705360879146,79.0,0.0,41519.0,0.50755445831605,0.50755445831605,79.0,0.0,79.0,42297.0,0.49132298260940427,0.49132298260940427
80,164.71145988741114,80.0,80.0,41543.0,0.47746221412674733,0.47746221412674733,108.13608335929945,80.0,0.0,41493.0,0.5060299163214127,0.5060299163214127,80.00000000000001,0.0,80.0,42297.0,0.48994015845168304,0.48994015845168304
81,166.33655696534586,81.0,81.0,41525.0,0.47787132658599185,0.47787132658599185,109.34950056356652,81.0,0.0,41477.0,0.5045620099005325,0.5045620099005325,81.0,0.0,81.0,42301.0,0.4887091210280929,0.4887091210280929
82,167.94160246230194,82.0,82.0,41525.0,0.4782753384766095,0.4782753384766095,110.55720061526843,82.0,0.0,41499.0,0.5041700754414857,0.5041700754414857,82.0,0.0,82.0,42305.0,0.4882947333687911,0.4882947333687911
83,169.52610740891632,83.0,83.0,41525.0,0.4797649598070436,0.4797649598070436,111.75907761758678,83.0,0.0,41539.0,0.5030306008838589,0.5030306008838589,83.0,0.0,83.0,42297.0,0.48729061710621285,0.48729061710621285
84,171.08957564280857,84.0,84.0,41549.0,0.4813395075875039,0.4813395075875039,112.95502437185985,84.0,0.0,41559.0,0.5015333051984585,0.5015333051984585,84.0,0.0,84.0,42369.0,0.486321961014083,0.486321961014083
85,172.63150408041076,85.0,85.0,41485.0,0.48250835405866116,0.48250835405866116,114.14493236691044,85.0,0.0,41485.0,0.5010735153260231,0.5010735153260231,85.00000000000001,0.0,85.0,42269.0,0.48632936410208455,0.48632936410208455
86,174.15138302953218,86.0,86.0,41527.0,0.483347104264402,0.483347104264402,115.3286917690985,86.0,0.0,41557.0,0.49964217285635,0.49964217285635,86.0,0.0,86.0,42365.0,0.4867456007201697,0.4867456007201697
87,175.64869654499552,87.0,87.0,41495.0,0.48547623846785587,0.48547623846785587,116.50619141314722,87.0,0.0,41551.0,0.49778492831628035,0.49778492831628035,87.00000000000001,0.0,87.0,42273.0,0.4860172163899002,0.4860172163899002
88,177.12292282965709,88.0,88.0,41435.0,0.48343762556539593,0.48343762556539593,117.67731879379372,88.0,0.0,41485.0,0.493000604291699,0.493000604291699,88.0,0.0,88.0,42177.0,0.479994377511261,0.479994377511261
89,178.57353468307312,89.0,89.0,41515.0,0.46781943466652554,0.46781943466652554,118.8419600583173,89.00000000000001,0.0,41885.0,0.4739165335402118,0.4739165335402118,89.00000000000001,0.0,89.0,42545.0,0.46242211258645316,0.46242211258645316
90,180.0,89.99999999999999,90.0,44473.0,0.3945473393363327,0.3945473393363327,119.99999999999999,89.99999999999999,0.0,44473.0,0.40676743304142193,0.40676743304142193,90.0,0.0,90.0,44473.0,0.41736414033553637,0.41736414033553637
91,178.59821767919053,90.99999999999999,91.0,41523.0,0.46939448203937084,0.46939448203937084,121.1513220525765,91.0,0.0,41885.0,0.4716133946509638,0.4716133946509638,91.0,0.0,91.0,42545.0,0.46176518342021633,0.46176518342021633
92,177.2216585642362,92.0,92.0,41427.0,0.4870481558834764,0.4870481558834764,122.29580828573194,92.0,0.0,41485.0,0.49083148944446386,0.49083148944446386,92.00000000000001,0.0,92.0,42177.0,0.47866506005935,0.47866506005935
93,175.8708659550775,92.99999999999999,93.0,41513.0,0.4897118779382826,0.4897118779382826,123.43333940170834,92.99999999999999,0.0,41551.0,0.49621382897873123,0.49621382897873123,92.99999999999999,0.0,93.0,42273.0,0.484038993102671,0.484038993102671
94,174.54638552475643,94.0,94.0,41507.0,0.48851359176163767,0.48851359176163767,124.56379473308242,94.0,0.0,41557.0,0.4973111873081062,0.4973111873081062,94.0,0.0,94.0,42365.0,0.4837956076251788,0.4837956076251788
95,173.24876454380865,95.0,95.0,41479.0,0.4878723412995855,0.4878723412995855,125.68705224177907,95.0,0.0,41485.0,0.4981060961960592,0.4981060961960592,95.0,0.0,95.0,42269.0,0.4845802089402997,0.4845802089402997
96,171.97855104512698,96.00000000000001,96.0,41539.0,0.48632416817100305,0.48632416817100305,126.80298851938687,96.00000000000001,0.0,41559.0,0.49772851594062595,0.49772851594062595,96.0,0.0,96.0,42369.0,0.4840080430703555,0.4840080430703555
97,170.7362929286088,97.0,97.0,41497.0,0.48599717012635035,0.48599717012635035,127.9114787888439,97.0,0.0,41539.0,0.49735457220596635,0.49735457220596635,97.0,0.0,97.0,42297.0,0.48387674168432265,0.48387674168432265
98,169.52253700527913,98.0,98.0,41531.0,0.4859590116680845,0.4859590116680845,129.0123969075634,98.00000000000001,0.0,41499.0,0.497085679982555,0.497085679982555,98.00000000000001,0.0,98.0,42305.0,0.48391318654525894,0.48391318654525894
99,168.3378279810035,99.00000000000001,99.0,41535.0,0.48713309705649865,0.48713309705649865,130.1056153720714,99.0,0.0,41477.0,0.49568837239694874,0.49568837239694874,99.0,0.0,99.0,42301.0,0.4832516521287703,0.4832516521287703
100,167.18270738037293,100.0,100.0,41547.0,0.48729244608820965,0.48729244608820965,131.19100532422874,100.0,0.0,41493.0,0.49389392813613603,0.49389392813613603,100.0,0.0,100.0,42297.0,0.4823873667882754,0.4823873667882754
101,166.05771241185445,101.0,101.0,41569.0,0.4879162115388871,0.4879162115388871,132.26843655911273,101.0,0.0,41519.0,0.4924759375755643,0.4924759375755643,101.0,0.0,101.0,42297.0,0.4822311859622556,0.4822311859622556
102,164.96337477585138,102.0,102.0,41551.0,0.48857407717503537,0.48857407717503537,133.3377775346342,102.0,0.0,41497.0,0.49125326929961866,0.49125326929961866,101.99999999999999,0.0,102.0,42269.0,0.4816109770740036,0.4816109770740036
103,163.90021941790852,103.0,103.0,41549.0,0.48937514174919855,0.48937514174919855,134.39889538296734,103.0,0.0,41517.0,0.4915154434590752,0.4915154434590752,103.0,0.0,103.0,42337.0,0.48032799533869674,0.48032799533869674
104,162.86876322992077,104.0,104.0,41595.0,0.4904815360224407,0.4904815360224407,135.45165592387065,104.0,0.0,41577.0,0.49168536067127616,0.49168536067127616,104.0,0.0,104.0,42289.0,0.4787546995458312,0.4787546995458312
105,161.8695137028553,105.0,105.0,41555.0,0.49250064059337134,0.49250064059337134,136.4959236799788,105.00000000000001,0.0,41559.0,0.4917844134125422,0.4917844134125422,105.0,0.0,105.0,42337.0,0.47962083915933645,0.47962083915933645
106,160.902967535171,106.0,106.0,41573.0,0.49387324415045397,0.49387324415045397,137.53156189414517,106.0,0.0,41569.0,0.4916560544522729,0.4916560544522729,106.0,0.0,106.0,42353.0,0.48122511742524904,0.48122511742524904
107,159.9696092018077,106.99999999999999,107.0,41551.0,0.49487123472649724,0.49487123472649724,138.55843254891653,106.99999999999999,0.0,41569.0,0.49091662166287836,0.49091662166287836,107.0,0.0,107.0,42317.0,0.4813989753387334,0.4813989753387334
108,159.0699094893081,108.0,108.0,41577.0,0.49670531405171603,0.49670531405171603,139.5763963882205,108.0,0.0,41487.0,0.48997669902967983,0.48997669902967983,108.0,0.0,108.0,42269.0,0.48163540698956586,0.48163540698956586
109,158.20432400332476,109.00000000000001,109.0,41567.0,0.49805924468071205,0.49805924468071205,140.58531294134804,109.00000000000001,0.0,41531.0,0.4880812630321441,0.4880812630321441,109.0,0.0,109.0,42273.0,0.4804230461033275,0.4804230461033275
110,157.37329165543323,110.0,110.0,41569.0,0.4995969499373947,0.4995969499373947,141.58504054931169,109.99999999999999,0.0,41573.0,0.4867835110830192,0.4867835110830192,109.99999999999999,0.0,110.0,42305.0,0.47920562240066317,0.47920562240066317
111,156.57723313681655,111.00000000000001,111.0,41559.0,0.500438143418655,0.500438143418655,142.57543639366165,111.00000000000001,0.0,41545.0,0.4875662358678481,0.4875662358678481,111.0,0.0,111.0,42225.0,0.47857916118910476,0.47857916118910476
112,155.8165493869856,112.00000000000001,112.0,41543.0,0.5014104721340135,0.5014104721340135,143.55635652783909,112.0,0.0,41619.0,0.4881001599027246,0.4881001599027246,112.0,0.0,112.0,42305.0,0.47786300051320607,0.47786300051320607
113,155.0916200662483,113.0,113.0,41583.0,0.502076322712445,0.502076322712445,144.52765591114746,113.0,0.0,41577.0,0.48807159450767573,0.48807159450767573,113.0,0.0,113.0,42261.0,0.47607421702460523,0.47607421702460523
114,154.4028020411185,114.00000000000001,114.0,41569.0,0.5031766059733738,0.5031766059733738,145.48918844541973,114.00000000000001,0.0,41551.0,0.48793462125148346,0.48793462125148346,114.00000000000001,0.0,114.0,42305.0,0.4747530803361768,0.4747530803361768
115,153.75042789225387,115.0,115.0,41549.0,0.5049567492644021,0.5049567492644021,146.44080701445822,115.0,0.0,41587.0,0.4873835146409538,0.4873835146409538,115.0,0.0,115.0,42385.0,0.4728880161776697,0.4728880161776697
116,153.13480445481832,116.00000000000001,116.0,41561.0,0.5056928802908405,0.5056928802908405,147.38236352632242,116.00000000000001,0.0,41555.0,0.4868696128985528,0.4868696128985528,116.00000000000001,0.0,116.0,42433.0,0.47256549254637276,0.47256549254637276
117,152.55621140136236,117.0,117.0,41597.0,0.5069969093000565,0.5069969093000565,148.31370895853718,117.0,0.0,41591.0,0.4868550082415758,0.4868550082415758,117.0,0.0,117.0,42401.0,0.4735736288759431,0.4735736288759431
118,152.01489987740106,118.00000000000001,118.0,41557.0,0.5093217758844545,0.5093217758844545,149.23469340629114,118.00000000000001,0.0,41591.0,0.4876205067625104,0.4876205067625104,118.00000000000001,0.0,118.0,42377.0,0.4732126155120402,0.4732126155120402
119,151.511091199829,119.0,119.0,41593.0,0.5113781942723187,0.5113781942723187,150.14516613369165,119.0,0.0,41593.0,0.4877443302069773,0.4877443302069773,119.0,0.0,119.0,42341.0,0.47253773662785753,0.47253773662785753
120,151.04497562814015,119.99999999999999,120.0,41601.0,0.5128026627660519,0.5128026627660519,151.04497562814012,119.99999999999999,0.0,41539.0,0.486577761179251,0.486577761179251,119.99999999999999,0.0,120.0,42313.0,0.47194862929688597,0.47194862929688597
121,150.61671121811636,121.0,121.0,41523.0,0.5143687134784932,0.5143687134784932,151.93396965788583,121.0,0.0,41541.0,0.48821884777812913,0.48821884777812913,121.0,0.0,121.0,42321.0,0.47353505258216455,0.47353505258216455
122,150.22642276720308,122.0,122.0,41551.0,0.5147954731061334,0.5147954731061334,152.81199533281256,122.0,0.0,41491.0,0.488347797587266,0.488347797587266,122.0,0.0,122.0,42289.0,0.4742443143920319,0.4742443143920319
123,149.8742008602139,123.00000000000001,123.0,41565.0,0.515340257509359,0.515340257509359,153.67889916850845,123.00000000000001,0.0,41527.0,0.48896484480831615,0.48896484480831615,123.00000000000001,0.0,123.0,42385.0,0.4755401390879179,0.4755401390879179
124,149.5601010232938,124.0,124.0,41569.0,0.5179844429734866,0.5179844429734866,154.53452715366066,124.0,0.0,41571.0,0.4886839076366867,0.4886839076366867,124.0,0.0,124.0,42345.0,0.47626905051899415,0.47626905051899415
125,149.2841429932345,125.00000000000001,125.0,41539.0,0.5199687289770487,0.5199687289770487,155.37872482081409,125.00000000000001,0.0,41549.0,0.48908516484671777,0.48908516484671777,125.00000000000001,0.0,125.0,42361.0,0.47696851250077726,0.47696851250077726
126,149.0463101082873,126.0,126.0,41517.0,0.5211696651469282,0.5211696651469282,156.2113373205238,126.0,0.0,41537.0,0.4894185511881768,0.4894185511881768,126.0,0.0,126.0,42341.0,0.4768398218290286,0.4768398218290286
127,148.84654882556327,127.00000000000001,127.0,41563.0,0.5222374468887276,0.5222374468887276,157.032209498925,127.00000000000001,0.0,41557.0,0.4878534804439629,0.4878534804439629,127.00000000000001,0.0,127.0,42441.0,0.47291341089947736,0.47291341089947736
128,148.68476836897534,127.99999999999997,128.0,41561.0,0.5234499370205401,0.5234499370205401,157.841185978736,128.0,0.0,41605.0,0.48795732748891274,0.48795732748891274,128.0,0.0,128.0,42313.0,0.4763929585736848,0.4763929585736848
129,148.56084051046602,129.0,129.0,41569.0,0.5251568206578745,0.5251568206578745,158.63811124370162,129.0,0.0,41587.0,0.486811621448309,0.486811621448309,129.0,0.0,129.0,42361.0,0.4768564777386487,0.4768564777386487
130,148.4745994860103,130.0,130.0,41567.0,0.5272005884264384,0.5272005884264384,159.422829726475,130.0,0.0,41569.0,0.4870913078482745,0.4870913078482745,130.0,0.0,130.0,42273.0,0.47627033292259224,0.47627033292259224
131,148.42584204659707,131.0,131.0,41505.0,0.5289074141826856,0.5289074141826856,160.19518589992666,131.0,0.0,41561.0,0.4876352847337575,0.4876352847337575,131.0,0.0,131.0,42269.0,0.4755008170521123,0.4755008170521123
132,148.41432764310008,131.99999999999997,132.0,41545.0,0.5301054627132377,0.5301054627132377,160.95502437185985,132.0,0.0,41519.0,0.48746806756695454,0.48746806756695454,132.0,0.0,132.0,42269.0,0.4748290498028678,0.4748290498028678
133,148.43977874267392,133.0,133.0,41531.0,0.530239788062778,0.530239788062778,161.70218998309934,133.0,0.0,41569.0,0.48802345843851047,0.48802345843851047,133.0,0.0,133.0,42329.0,0.47408482349898073,0.47408482349898073
134,148.50188127306947,134.0,134.0,41525.0,0.5304641620593891,0.5304641620593891,162.4365279089117,134.0,0.0,41573.0,0.4876610260237045,0.4876610260237045,134.0,0.0,134.0,42269.0,0.4741956579341085,0.4741956579341085
135,148.60028519008097,135.0,135.0,41517.0,0.531302263771983,0.531302263771983,163.15788376370116,135.0,0.0,41491.0,0.48449356131316496,0.48449356131316496,135.0,0.0,135.0,42357.0,0.4736913694631238,0.4736913694631238
136,148.73460516223054,136.0,136.0,41585.0,0.5340697582929612,0.5340697582929612,163.8661037089153,136.0,0.0,41573.0,0.4862479947574415,0.4862479947574415,136.0,0.0,136.0,42269.0,0.4739860505043102,0.4739860505043102
137,148.90442136578332,137.0,137.0,41533.0,0.5361310037615379,0.5361310037615379,164.56103456408007,137.0,0.0,41569.0,0.4873946525541359,0.4873946525541359,137.0,0.0,137.0,42329.0,0.47353935487340953,0.47353935487340953
138,149.10928038228255,138.00000000000003,138.0,41563.0,0.537413913979614,0.537413913979614,165.24252392087243,138.0,0.0,41519.0,0.48722132659029344,0.48722132659029344,138.0,0.0,138.0,42269.0,0.47363070987880657,0.47363070987880657
139,149.34869619001023,139.0,139.0,41585.0,0.5389389118489739,0.5389389118489739,165.91042026012443,139.0,0.0,41561.0,0.48692113872314163,0.48692113872314163,139.0,0.0,139.0,42269.0,0.4729507449693373,0.4729507449693373
140,149.62215124012698,140.0,140.0,41565.0,0.5390345380339584,0.5390345380339584,166.56457307163916,140.0,0.0,41569.0,0.48777004744217434,0.48777004744217434,140.0,0.0,140.0,42273.0,0.4717551211244747,0.4717551211244747
141,149.9290976077273,141.0,141.0,41523.0,0.5387008466404466,0.5387008466404466,167.2048329766856,141.0,0.0,41587.0,0.48842977505619267,0.48842977505619267,141.0,0.0,141.0,42361.0,0.47125952567035045,0.47125952567035045
142,150.26895820767012,142.0,142.0,41533.0,0.538978020638467,0.538978020638467,167.83105185302384,142.0,0.0,41605.0,0.4885088204779101,0.4885088204779101,142.0,0.0,142.0,42313.0,0.47061568188496267,0.47061568188496267
143,150.64112806480824,143.0,143.0,41561.0,0.539389593620385,0.539389593620385,168.4430829622995,143.0,0.0,41557.0,0.4870067880966342,0.4870067880966342,143.0,0.0,143.0,42441.0,0.46826046519479075,0.46826046519479075
144,151.04497562814015,144.0,144.0,41553.0,0.5402020295496256,0.5402020295496256,169.04078107963062,144.0,0.0,41537.0,0.48884580758574914,0.48884580758574914,144.0,0.0,144.0,42341.0,0.47309232335796947,0.47309232335796947
145,151.47984411844274,145.0,145.0,41525.0,0.5411304332819024,0.5411304332819024,169.62400262519586,145.0,0.0,41549.0,0.489398134316177,0.489398134316177,145.0,0.0,145.0,42361.0,0.4746777692437533,0.4746777692437533
146,151.945052899099,146.0,146.0,41557.0,0.5415948693030805,0.5415948693030805,170.19260579761945,146.0,0.0,41571.0,0.48863975737291804,0.48863975737291804,146.0,0.0,146.0,42345.0,0.47562076239838175,0.47562076239838175
147,152.43989886011104,147.0,147.0,41541.0,0.5407459362518116,0.5407459362518116,170.74645070893325,147.0,0.0,41527.0,0.4879046883981465,0.4879046883981465,147.0,0.0,147.0,42385.0,0.475749352719513,0.475749352719513
148,152.96365780566475,148.0,148.0,41513.0,0.5393997724918005,0.5393997724918005,171.28539952088227,148.0,0.0,41491.0,0.48690222959574686,0.48690222959574686,148.0,0.0,148.0,42289.0,0.474014030430282,0.474014030430282
149,153.51558583608323,149.0,149.0,41525.0,0.5386171199196081,0.5386171199196081,171.80931658232723,149.0,0.0,41541.0,0.4867132777427734,0.4867132777427734,149.0,0.0,149.0,42321.0,0.473637663511809,0.473637663511809
150,154.09492071555528,150.0,150.0,41539.0,0.537274743870513,0.537274743870513,172.31806856748375,150.00000000000003,0.0,41539.0,0.4860655653665129,0.4860655653665129,150.0,0.0,150.0,42313.0,0.4733397591796009,0.4733397591796009
151,154.70088321763927,151.0,151.0,41541.0,0.5377592185540665,0.5377592185540665,172.81152461472547,151.0,0.0,41593.0,0.4862519069161995,0.4862519069161995,151.0,0.0,151.0,42341.0,0.47419860744558295,0.47419860744558295
152,155.3326784412099,152.0,152.0,41551.0,0.5374400160885467,0.5374400160885467,173.28955646566618,152.0,0.0,41591.0,0.4852434333397691,0.4852434333397691,152.0,0.0,152.0,42377.0,0.4754385659249253,0.4754385659249253
153,155.9894970902193,153.0,153.0,41557.0,0.5368915420692465,0.5368915420692465,173.7520386042248,153.0,0.0,41591.0,0.4839851716334664,0.4839851716334664,153.0,0.0,153.0,42401.0,0.47691232021394314,0.47691232021394314
154,156.67051671137617,154.0,154.0,41547.0,0.5365233442423115,0.5365233442423115,174.19884839536678,154.0,0.0,41555.0,0.48434986012866305,0.48434986012866305,154.0,0.0,154.0,42433.0,0.4765351122358338,0.4765351122358338
155,157.37490288458912,155.00000000000003,155.0,41503.0,0.5366417503436921,0.5366417503436921,174.62986622320574,155.00000000000003,0.0,41587.0,0.4859667847545553,0.4859667847545553,155.0,0.0,155.0,42385.0,0.476660507699174,0.476660507699174
156,158.10181036176957,156.0,156.0,41547.0,0.5363040469960313,0.5363040469960313,175.04497562814015,156.0,0.0,41551.0,0.4867541897978626,0.4867541897978626,156.0,0.0,156.0,42305.0,0.47578601224984307,0.47578601224984307
157,158.85038415032636,157.0,157.0,41571.0,0.5361691864236761,0.5361691864236761,175.44406344269382,157.0,0.0,41577.0,0.48732056876749974,0.48732056876749974,157.0,0.0,157.0,42261.0,0.4746460626572276,0.4746460626572276
158,159.61976053841065,158.00000000000003,158.0,41529.0,0.5356082270708162,0.5356082270708162,175.82701992572078,158.00000000000003,0.0,41619.0,0.4888580800292631,0.4888580800292631,158.0,0.0,158.0,42305.0,0.4744309840909534,0.4744309840909534
159,160.4090680596664,159.0,159.0,41541.0,0.5340859454471377,0.5340859454471377,176.19373889463236,159.00000000000003,0.0,41545.0,0.4899117555201504,0.4899117555201504,159.0,0.0,159.0,42225.0,0.4752643428905952,0.4752643428905952
160,161.217428395913,160.0,160.0,41547.0,0.531314735738674,0.531314735738674,176.544117855299,160.0,0.0,41573.0,0.49033321973423594,0.49033321973423594,160.0,0.0,160.0,42305.0,0.47576892123299175,0.47576892123299175
161,162.04395721682116,161.0,161.0,41577.0,0.5306049524143003,0.5306049524143003,176.878058129278,161.00000000000003,0.0,41531.0,0.4910490067188946,0.4910490067188946,161.0,0.0,161.0,42273.0,0.47551818021598125,0.47551818021598125
162,162.88776495623767,162.0,162.0,41581.0,0.5299951743302018,0.5299951743302018,177.19546497801844,162.00000000000003,0.0,41487.0,0.49143204276045066,0.49143204276045066,162.0,0.0,162.0,42269.0,0.47587399600416574,0.47587399600416574
163,163.74795752537128,163.0,163.0,41545.0,0.5297480859783628,0.5297480859783628,177.4962477236937,163.0,0.0,41569.0,0.4922663247670931,0.4922663247670931,163.0,0.0,163.0,42317.0,0.47490827760648696,0.47490827760648696
164,164.62363696356076,164.0,164.0,41557.0,0.5297312018384185,0.5297312018384185,177.78031986631711,164.0,0.0,41569.0,0.493246301987791,0.493246301987791,164.0,0.0,164.0,42353.0,0.47507194544237846,0.47507194544237846
165,165.51390202781633,165.0,165.0,41585.0,0.5291840620126494,0.5291840620126494,178.0475991967985,165.0,0.0,41559.0,0.4943676197343881,0.4943676197343881,165.0,0.0,165.0,42337.0,0.47390188529872107,0.47390188529872107
166,166.41784872274826,166.0,166.0,41571.0,0.52852942152904,0.52852942152904,178.29800790560606,166.0,0.0,41577.0,0.4951355539849709,0.4951355539849709,166.0,0.0,166.0,42289.0,0.4733712490425904,0.4733712490425904
167,167.33457077287812,167.00000000000003,167.0,41529.0,0.5289863770521283,0.5289863770521283,178.5314726867064,167.00000000000003,0.0,41517.0,0.49688810984196596,0.49688810984196596,167.0,0.0,167.0,42337.0,0.4747927878873193,0.4747927878873193
168,168.26316003966946,168.00000000000003,168.0,41527.0,0.5292547434560665,0.5292547434560665,178.74792483646377,168.00000000000003,0.0,41497.0,0.49875375790409693,0.49875375790409693,168.0,0.0,168.0,42269.0,0.47535911196790753,0.47535911196790753
169,169.20270688591452,169.00000000000003,169.0,41515.0,0.528244493704447,0.528244493704447,178.94730034719134,169.00000000000003,0.0,41519.0,0.4998162662709077,0.4998162662709077,169.0,0.0,169.0,42297.0,0.4758436219501865,0.4758436219501865
170,170.15230049037842,170.00000000000003,170.0,41541.0,0.5263234105972465,0.5263234105972465,179.12953999506018,170.00000000000003,0.0,41493.0,0.5007656941288703,0.5007656941288703,170.0,0.0,170.0,42297.0,0.4756427837882665,0.4756427837882665
171,171.11102911583137,171.00000000000003,171.0,41621.0,0.5240934419092588,0.5240934419092588,179.2945894220848,171.00000000000003,0.0,41477.0,0.5028921512232492,0.5028921512232492,171.0,0.0,171.0,42301.0,0.47531165378994694,0.47531165378994694
172,172.0779803337984,172.0,172.0,41709.0,0.5211958949532018,0.5211958949532018,179.44239921192238,172.0,0.0,41499.0,0.5045267525504066,0.5045267525504066,172.0,0.0,172.0,42305.0,0.4757530822305,0.4757530822305
173,173.05224120952408,172.99999999999997,173.0,41849.0,0.5192212457576423,0.5192212457576423,179.5729249592372,172.99999999999997,0.0,41539.0,0.5069172474983683,0.5069172474983683,173.0,0.0,173.0,42297.0,0.47567605299249366,0.47567605299249366
174,174.03289845079433,174.0,174.0,42031.0,0.517305717189746,0.517305717189746,179.68612733240337,174.0,0.0,41559.0,0.5103063144391216,0.5103063144391216,174.0,0.0,174.0,42369.0,0.47580917061906997,0.47580917061906997
175,175.0190385243755,175.0,175.0,42129.0,0.5166716607951692,0.5166716607951692,179.78197212933742,175.0,0.0,41485.0,0.5127929081483,0.5127929081483,175.0,0.0,175.0,42269.0,0.4762955566636169,0.4762955566636169
176,176.00974774393208,176.00000000000006,176.0,42283.0,0.5147457383208905,0.5147457383208905,179.8604303262742,175.99999999999997,0.0,41557.0,0.5152860614015669,0.5152860614015669,176.0,0.0,176.0,42365.0,0.4760201905680988,0.4760201905680988
177,177.0041123333646,177.00000000000009,177.0,42245.0,0.5124428724865536,0.5124428724865536,179.92147811932284,177.00000000000009,0.0,41551.0,0.5159992276969324,0.5159992276969324,177.0,0.0,177.0,42273.0,0.4752788101683444,0.4752788101683444
178,178.00121846957364,178.00000000000026,178.0,42145.0,0.5050200946802903,0.5050200946802903,179.96509695866112,178.00000000000026,0.0,41485.0,0.5104950289513468,0.5104950289513468,178.0,0.0,178.0,42177.0,0.46926416573585444,0.46926416573585444
179,179.0001523087091,179.0000000000001,179.0,42545.0,0.48129804224287986,0.48129804224287986,179.9912735752534,179.0000000000001,0.0,41885.0,0.4896825755799413,0.4896825755799413,179.0,0.0,179.0,42545.0,0.45382253929589406,0.45382253929589406
180,180.0,180.0,0.0,44473.0,0.428977730518013,0.428977730518013,180.0,180.0,0.0,44473.0,0.4197707270584572,0.4197707270584572,180.0,0.0,180.0,44473.0,0.4099630997495766,0.4099630997495766
181,179.00015230870906,179.0000000000001,1.0,42545.0,0.4811274776234928,0.4811274776234928,179.9912735752534,179.0000000000001,0.0,41885.0,0.49015714223971607,0.49015714223971607,179.0,0.0,0.0,42545.0,0.45358970305692753,0.45358970305692753
182,178.00121846957364,178.00000000000026,2.0,42145.0,0.5053834645042498,0.5053834645042498,179.96509695866112,178.00000000000026,0.0,41485.0,0.5128016962676315,0.5128016962676315,178.00000000000003,0.0,0.0,42177.0,0.46888861585461905,0.46888861585461905
183,177.00411233336462,177.00000000000009,2.9999999999999716,42245.0,0.5135530259006991,0.5135530259006991,179.92147811932284,177.00000000000009,0.0,41551.0,0.5201651432373781,0.5201651432373781,177.00000000000003,0.0,0.0,42273.0,0.4743579990955902,0.4743579990955902
184,176.0097477439321,176.00000000000006,4.0,42283.0,0.516967917916801,0.516967917916801,179.8604303262742,175.99999999999997,0.0,41557.0,0.5230892627890948,0.5230892627890948,176.00000000000003,0.0,0.0,42365.0,0.47500705562922885,0.47500705562922885
185,175.01903852437553,175.00000000000009,5.0,42129.0,0.5198259122349768,0.5198259122349768,179.78197212933742,175.0,0.0,41485.0,0.5254602093873231,0.5254602093873231,175.00000000000003,0.0,0.0,42269.0,0.4744857634591447,0.4744857634591447
186,174.03289845079436,174.00000000000003,6.0,42031.0,0.5208212830362549,0.5208212830362549,179.68612733240337,174.00000000000003,0.0,41559.0,0.526352140672566,0.526352140672566,174.00000000000003,0.0,0.0,42369.0,0.473044588570366,0.473044588570366
187,173.0522412095241,172.99999999999997,7.0,41849.0,0.5229383131596395,0.5229383131596395,179.5729249592372,173.00000000000003,0.0,41539.0,0.5278869815635833,0.5278869815635833,173.00000000000003,0.0,0.0,42297.0,0.4724589180372027,0.4724589180372027
188,172.07798033379837,172.0,8.0,41709.0,0.5260272065140931,0.5260272065140931,179.44239921192238,172.0,0.0,41499.0,0.5292760780511939,0.5292760780511939,172.0,0.0,0.0,42305.0,0.4724152276260972,0.4724152276260972
189,171.11102911583137,171.00000000000003,9.0,41621.0,0.5284688925355813,0.5284688925355813,179.2945894220848,171.00000000000003,0.0,41477.0,0.5314408591684214,0.5314408591684214,171.00000000000003,0.0,0.0,42301.0,0.4716958007840318,0.4716958007840318
190,170.15230049037842,170.00000000000003,10.0,41541.0,0.5294457744498887,0.5294457744498887,179.12953999506018,170.00000000000003,0.0,41493.0,0.5334350188457451,0.5334350188457451,170.0,0.0,0.0,42297.0,0.4709373630769295,0.4709373630769295
191,169.20270688591452,169.00000000000006,11.0,41515.0,0.5301312539863605,0.5301312539863605,178.94730034719137,169.00000000000003,0.0,41519.0,0.5349348187912973,0.5349348187912973,169.00000000000003,0.0,0.0,42297.0,0.4712439407197132,0.4712439407197132
192,168.26316003966946,167.99999999999997,12.0,41527.0,0.5306799355205266,0.5306799355205266,178.74792483646377,167.99999999999997,0.0,41497.0,0.5361871154917878,0.5361871154917878,168.0,0.0,0.0,42269.0,0.4704581219899307,0.4704581219899307
193,167.33457077287812,167.00000000000003,13.0,41529.0,0.5310934583129696,0.5310934583129696,178.5314726867064,167.00000000000003,0.0,41517.0,0.5379436117300876,0.5379436117300876,167.00000000000003,0.0,0.0,42337.0,0.4688897798420568,0.4688897798420568
194,166.4178487227483,166.00000000000003,14.0,41571.0,0.5308253351528639,0.5308253351528639,178.29800790560606,166.00000000000003,0.0,41577.0,0.539796895104845,0.539796895104845,166.00000000000003,0.0,0.0,42289.0,0.46683116588037465,0.46683116588037465
195,165.51390202781636,165.00000000000003,15.0,41585.0,0.5310005956747181,0.5310005956747181,178.0475991967985,165.00000000000003,0.0,41559.0,0.541647077517908,0.541647077517908,165.00000000000003,0.0,0.0,42337.0,0.46634864123879405,0.46634864123879405
196,164.62363696356076,164.00000000000003,16.0,41557.0,0.5317269517962453,0.5317269517962453,177.78031986631711,164.0,0.0,41569.0,0.5426331401839176,0.5426331401839176,164.00000000000003,0.0,0.0,42353.0,0.467512691677169,0.467512691677169
197,163.74795752537128,163.0,17.0,41545.0,0.5325826361793267,0.5325826361793267,177.4962477236937,163.0,0.0,41569.0,0.5436016595484514,0.5436016595484514,163.0,0.0,0.0,42317.0,0.4675692897917101,0.4675692897917101
198,162.88776495623767,162.00000000000003,18.0,41581.0,0.5331670548555114,0.5331670548555114,177.19546497801844,162.00000000000003,0.0,41487.0,0.5450630913935877,0.5450630913935877,162.0,0.0,0.0,42269.0,0.46769733370181693,0.46769733370181693
199,162.04395721682113,161.0,19.0,41577.0,0.5333200291589212,0.5333200291589212,176.878058129278,160.99999999999997,0.0,41531.0,0.5452104298329765,0.5452104298329765,161.0,0.0,0.0,42273.0,0.4665858451715684,0.4665858451715684
200,161.217428395913,160.00000000000003,20.0,41547.0,0.5333134863572403,0.5333134863572403,176.544117855299,160.00000000000003,0.0,41573.0,0.5447047250081538,0.5447047250081538,160.00000000000003,0.0,0.0,42305.0,0.46578744580105275,0.46578744580105275
201,160.4090680596664,159.0,21.0,41541.0,0.5337450127772353,0.5337450127772353,176.19373889463236,158.99999999999997,0.0,41545.0,0.5425870951645962,0.5425870951645962,159.0,0.0,0.0,42225.0,0.46604194749004196,0.46604194749004196
202,159.61976053841067,158.00000000000003,22.0,41529.0,0.5335087196894482,0.5335087196894482,175.82701992572078,158.00000000000003,0.0,41619.0,0.5427390274424988,0.5427390274424988,158.0,0.0,0.0,42305.0,0.46622551501230636,0.46622551501230636
203,158.8503841503264,157.00000000000003,23.0,41571.0,0.5329751189969673,0.5329751189969673,175.44406344269382,157.00000000000003,0.0,41577.0,0.5425931622663689,0.5425931622663689,157.00000000000003,0.0,0.0,42261.0,0.46500295005766973,0.46500295005766973
204,158.10181036176957,156.00000000000003,24.0,41547.0,0.5335882961815877,0.5335882961815877,175.04497562814018,156.00000000000003,0.0,41551.0,0.54379909298906,0.54379909298906,156.00000000000003,0.0,0.0,42305.0,0.46610295933276835,0.46610295933276835
205,157.37490288458915,155.00000000000003,25.0,41503.0,0.5348399753184976,0.5348399753184976,174.62986622320574,155.00000000000003,0.0,41587.0,0.5444137774567556,0.5444137774567556,155.00000000000003,0.0,0.0,42385.0,0.4668023900379291,0.4668023900379291
206,156.67051671137614,154.0,26.0,41547.0,0.5355014010995698,0.5355014010995698,174.19884839536678,154.0,0.0,41555.0,0.5436646485616098,0.5436646485616098,154.0,0.0,0.0,42433.0,0.46609548774842474,0.46609548774842474
207,155.98949709021932,153.00000000000003,27.0,41557.0,0.5364270700648707,0.5364270700648707,173.7520386042248,153.00000000000003,0.0,41591.0,0.5430108863096822,0.5430108863096822,153.00000000000003,0.0,0.0,42401.0,0.4661414627282414,0.4661414627282414
208,155.33267844120988,152.0,28.0,41551.0,0.5381949379296452,0.5381949379296452,173.28955646566618,152.0,0.0,41591.0,0.5417629941036061,0.5417629941036061,152.0,0.0,0.0,42377.0,0.46522307197420326,0.46522307197420326
209,154.7008832176393,151.00000000000003,29.0,41541.0,0.5394457975274192,0.5394457975274192,172.81152461472547,151.00000000000003,0.0,41593.0,0.5390643376338791,0.5390643376338791,151.00000000000003,0.0,0.0,42341.0,0.4642518910397166,0.4642518910397166
210,154.09492071555528,150.0,30.0,41539.0,0.5405136576254213,0.5405136576254213,172.31806856748375,150.0,0.0,41539.0,0.5361931069001653,0.5361931069001653,149.99999999999997,0.0,0.0,42313.0,0.46297953766751265,0.46297953766751265
211,153.51558583608323,149.0,31.0,41525.0,0.5412288927186856,0.5412288927186856,171.80931658232723,149.0,0.0,41541.0,0.534839989177482,0.534839989177482,149.0,0.0,0.0,42321.0,0.4627736006225172,0.4627736006225172
212,152.96365780566475,148.00000000000003,32.0,41513.0,0.541223460112789,0.541223460112789,171.28539952088227,148.00000000000003,0.0,41491.0,0.5340622465626704,0.5340622465626704,148.00000000000003,0.0,0.0,42289.0,0.46145737321383684,0.46145737321383684
213,152.43989886011104,147.00000000000003,33.0,41541.0,0.5422199089663317,0.5422199089663317,170.74645070893328,147.00000000000003,0.0,41527.0,0.5331907218845211,0.5331907218845211,147.00000000000003,0.0,0.0,42385.0,0.4605740710869529,0.4605740710869529
214,151.945052899099,146.00000000000003,34.0,41557.0,0.5433283619625408,0.5433283619625408,170.19260579761948,146.00000000000003,0.0,41571.0,0.5317805502951275,0.5317805502951275,146.00000000000003,0.0,0.0,42345.0,0.45956554688767925,0.45956554688767925
215,151.47984411844274,145.0,35.0,41525.0,0.5430742715275935,0.5430742715275935,169.62400262519583,145.0,0.0,41549.0,0.5301235307501062,0.5301235307501062,145.0,0.0,0.0,42361.0,0.45951250455471043,0.45951250455471043
216,151.04497562814015,144.00000000000003,36.0,41553.0,0.5425218258911427,0.5425218258911427,169.04078107963065,144.0,0.0,41537.0,0.5287692761725478,0.5287692761725478,144.0,0.0,0.0,42341.0,0.4590100212279536,0.4590100212279536
217,150.64112806480824,143.0,37.0,41561.0,0.5419435530383446,0.5419435530383446,168.44308296229948,143.0,0.0,41557.0,0.5269107299917674,0.5269107299917674,143.0,0.0,0.0,42441.0,0.45476906549333396,0.45476906549333396
218,150.26895820767012,142.00000000000003,38.0,41533.0,0.5411544537473634,0.5411544537473634,167.83105185302384,142.00000000000003,0.0,41605.0,0.5281097297145301,0.5281097297145301,142.00000000000003,0.0,0.0,42313.0,0.45774054784853246,0.45774054784853246
219,149.9290976077273,140.99999999999997,39.0,41523.0,0.5403931395007491,0.5403931395007491,167.20483297668557,140.99999999999997,0.0,41587.0,0.5283294561624061,0.5283294561624061,140.99999999999997,0.0,0.0,42361.0,0.45797512895963965,0.45797512895963965
220,149.62215124012698,140.00000000000003,40.0,41565.0,0.5410096464383082,0.5410096464383082,166.56457307163916,140.00000000000003,0.0,41569.0,0.5274403248775437,0.5274403248775437,140.0,0.0,0.0,42273.0,0.4573512138366787,0.4573512138366787
221,149.34869619001023,139.0,40.99999999999997,41585.0,0.540888740015197,0.540888740015197,165.91042026012443,139.00000000000003,0.0,41561.0,0.5259338107521009,0.5259338107521009,139.00000000000003,0.0,0.0,42269.0,0.45724670878781176,0.45724670878781176
222,149.10928038228255,138.00000000000003,42.0,41563.0,0.540394984454616,0.540394984454616,165.24252392087243,138.00000000000003,0.0,41519.0,0.5255125691233747,0.5255125691233747,138.00000000000003,0.0,0.0,42269.0,0.4570588872995215,0.4570588872995215
223,148.90442136578332,137.00000000000003,43.0,41533.0,0.5402449907642057,0.5402449907642057,164.56103456408007,137.00000000000003,0.0,41569.0,0.5261060009644217,0.5261060009644217,137.00000000000003,0.0,0.0,42329.0,0.4562736390866217,0.4562736390866217
224,148.73460516223054,136.0,44.0,41585.0,0.5395635788997442,0.5395635788997442,163.8661037089153,136.0,0.0,41573.0,0.5254581502298177,0.5254581502298177,136.0,0.0,0.0,42269.0,0.45597490409689956,0.45597490409689956
225,148.60028519008097,135.0,45.0,41517.0,0.5379946946664637,0.5379946946664637,163.15788376370116,135.0,0.0,41491.0,0.5230458313090544,0.5230458313090544,135.0,0.0,0.0,42357.0,0.4565836871421497,0.4565836871421497
226,148.50188127306947,134.0,46.0,41525.0,0.5384017612022567,0.5384017612022567,162.4365279089117,134.0,0.0,41573.0,0.5246580388567834,0.5246580388567834,134.0,0.0,0.0,42269.0,0.45785237752772245,0.45785237752772245
227,148.43977874267392,133.00000000000003,47.0,41531.0,0.5373894974821815,0.5373894974821815,161.70218998309937,133.00000000000003,0.0,41569.0,0.5245609885232939,0.5245609885232939,133.00000000000003,0.0,0.0,42329.0,0.4578472563358205,0.4578472563358205
228,148.41432764310008,131.99999999999997,48.0,41545.0,0.5365405009039299,0.5365405009039299,160.95502437185985,131.99999999999997,0.0,41519.0,0.5233613204396648,0.5233613204396648,131.99999999999997,0.0,0.0,42269.0,0.45808028196616557,0.45808028196616557
229,148.42584204659707,131.0,49.0,41505.0,0.5348984789057116,0.5348984789057116,160.19518589992668,131.00000000000003,0.0,41561.0,0.5223286953630053,0.5223286953630053,131.0,0.0,0.0,42269.0,0.45819205836571386,0.45819205836571386
230,148.4745994860103,130.00000000000003,49.99999999999997,41567.0,0.5324867914006551,0.5324867914006551,159.422829726475,130.00000000000003,0.0,41569.0,0.5197793499789671,0.5197793499789671,130.0,0.0,0.0,42273.0,0.4574261160005067,0.4574261160005067
231,148.56084051046602,129.00000000000003,50.99999999999997,41569.0,0.5294300825699413,0.5294300825699413,158.63811124370164,129.00000000000003,0.0,41587.0,0.5175134304846842,0.5175134304846842,129.00000000000003,0.0,0.0,42361.0,0.45676183580446134,0.45676183580446134
232,148.68476836897534,127.99999999999997,52.0,41561.0,0.527058985925769,0.527058985925769,157.841185978736,127.99999999999997,0.0,41605.0,0.5149315632334172,0.5149315632334172,127.99999999999997,0.0,0.0,42313.0,0.4559285797641924,0.4559285797641924
233,148.84654882556327,126.99999999999999,53.0,41563.0,0.5248804359007108,0.5248804359007108,157.03220949892497,127.00000000000001,0.0,41557.0,0.5126503306675056,0.5126503306675056,126.99999999999999,0.0,0.0,42441.0,0.45370102103202686,0.45370102103202686
234,149.04631010828726,126.00000000000003,53.99999999999997,41517.0,0.5232394781757037,0.5232394781757037,156.2113373205238,126.00000000000003,0.0,41537.0,0.5133652155763159,0.5133652155763159,126.00000000000003,0.0,0.0,42341.0,0.45689712430401636,0.45689712430401636
235,149.2841429932345,125.00000000000004,54.99999999999997,41539.0,0.5221093188148641,0.5221093188148641,155.3787248208141,125.00000000000004,0.0,41549.0,0.5122754295952452,0.5122754295952452,125.00000000000004,0.0,0.0,42361.0,0.4562894386304254,0.4562894386304254
236,149.5601010232938,123.99999999999997,56.00000000000003,41569.0,0.5209082942625025,0.5209082942625025,154.53452715366066,124.0,0.0,41571.0,0.5117314186946964,0.5117314186946964,123.99999999999997,0.0,0.0,42345.0,0.4557959511746391,0.4557959511746391
237,149.8742008602139,122.99999999999999,57.0,41565.0,0.5192546399215859,0.5192546399215859,153.67889916850845,122.99999999999999,0.0,41527.0,0.5108270294219016,0.5108270294219016,122.99999999999999,0.0,0.0,42385.0,0.45592117065790944,0.45592117065790944
238,150.22642276720305,122.0,58.0,41551.0,0.5176974790355205,0.5176974790355205,152.81199533281256,122.00000000000001,0.0,41491.0,0.509485822626992,0.509485822626992,122.0,0.0,0.0,42289.0,0.4541387140259898,0.4541387140259898
239,150.61671121811636,121.0,59.0,41523.0,0.5171688304008221,0.5171688304008221,151.93396965788583,121.0,0.0,41541.0,0.5082621392913943,0.5082621392913943,121.0,0.0,0.0,42321.0,0.45319544589182287,0.45319544589182287
240,151.04497562814015,120.00000000000001,59.99999999999997,41601.0,0.5159589324956001,0.5159589324956001,151.04497562814018,120.00000000000001,0.0,41539.0,0.5057731277936753,0.5057731277936753,120.00000000000001,0.0,0.0,42313.0,0.4523812110631644,0.4523812110631644
241,151.511091199829,118.99999999999997,61.00000000000003,41593.0,0.5163837332898916,0.5163837332898916,150.14516613369165,119.0,0.0,41593.0,0.5042693243088026,0.5042693243088026,118.99999999999997,0.0,0.0,42341.0,0.4532719263984222,0.4532719263984222
242,152.01489987740106,117.99999999999999,62.0,41557.0,0.5163477307328755,0.5163477307328755,149.23469340629111,117.99999999999999,0.0,41591.0,0.5023767502107246,0.5023767502107246,117.99999999999999,0.0,0.0,42377.0,0.45376182633036527,0.45376182633036527
243,152.55621140136233,117.00000000000003,63.0,41597.0,0.5154149342574924,0.5154149342574924,148.31370895853718,117.00000000000003,0.0,41591.0,0.5012342574775747,0.5012342574775747,117.00000000000003,0.0,0.0,42401.0,0.45404863402541223,0.45404863402541223
244,153.13480445481832,116.00000000000004,63.99999999999997,41561.0,0.5127838293994008,0.5127838293994008,147.38236352632242,116.00000000000004,0.0,41555.0,0.5000735164675512,0.5000735164675512,116.00000000000004,0.0,0.0,42433.0,0.45413499386652245,0.45413499386652245
245,153.7504278922539,114.99999999999997,65.00000000000003,41549.0,0.5101915197507951,0.5101915197507951,146.4408070144582,114.99999999999997,0.0,41587.0,0.5002472184937121,0.5002472184937121,114.99999999999997,0.0,0.0,42385.0,0.4553810755768816,0.4553810755768816
246,154.4028020411185,114.00000000000001,66.0,41569.0,0.5079766847455399,0.5079766847455399,145.48918844541973,114.0,0.0,41551.0,0.49986416305018067,0.49986416305018067,114.00000000000001,0.0,0.0,42305.0,0.45527309067628446,0.45527309067628446
247,155.0916200662483,113.0,67.0,41583.0,0.5058556506752377,0.5058556506752377,144.52765591114746,113.0,0.0,41577.0,0.4982576294184395,0.4982576294184395,113.0,0.0,0.0,42261.0,0.45469642516332837,0.45469642516332837
248,155.81654938698557,112.0,68.0,41543.0,0.5045167986865634,0.5045167986865634,143.55635652783909,112.00000000000001,0.0,41619.0,0.49706181017205314,0.49706181017205314,112.00000000000003,0.0,0.0,42305.0,0.45499371799477,0.45499371799477
249,156.57723313681652,111.00000000000004,68.99999999999997,41559.0,0.5031861242499043,0.5031861242499043,142.57543639366168,111.00000000000004,0.0,41545.0,0.4967668887626703,0.4967668887626703,111.00000000000004,0.0,0.0,42225.0,0.45573069707977076,0.45573069707977076
250,157.37329165543326,109.99999999999999,70.00000000000003,41569.0,0.5017502945423897,0.5017502945423897,141.58504054931169,109.99999999999999,0.0,41573.0,0.4971322620874859,0.4971322620874859,109.99999999999999,0.0,0.0,42305.0,0.4568002699970516,0.4568002699970516
251,158.20432400332476,109.00000000000001,71.0,41567.0,0.5007255221663443,0.5007255221663443,140.58531294134804,109.00000000000001,0.0,41531.0,0.4970671700269717,0.4970671700269717,109.0,0.0,0.0,42273.0,0.45725866043867097,0.45725866043867097
252,159.0699094893081,108.00000000000001,72.0,41577.0,0.5000773568220592,0.5000773568220592,139.57639638822053,108.00000000000001,0.0,41487.0,0.49695140742542676,0.49695140742542676,108.00000000000003,0.0,0.0,42269.0,0.4581540433047482,0.4581540433047482
253,159.96960920180769,107.00000000000003,73.0,41551.0,0.499942341260587,0.499942341260587,138.55843254891656,107.00000000000003,0.0,41569.0,0.49656371035146324,0.49656371035146324,107.00000000000003,0.0,0.0,42317.0,0.458176493619276,0.458176493619276
254,160.902967535171,106.0,74.0,41573.0,0.49966825617050986,0.49966825617050986,137.53156189414517,106.0,0.0,41569.0,0.4976573658506027,0.4976573658506027,106.0,0.0,0.0,42353.0,0.4583116019660206,0.4583116019660206
255,161.8695137028553,105.0,75.0,41555.0,0.49942520264572837,0.49942520264572837,136.4959236799788,105.00000000000001,0.0,41559.0,0.4982852261394919,0.4982852261394919,105.0,0.0,0.0,42337.0,0.4574205151620403,0.4574205151620403
256,162.86876322992077,104.0,76.0,41595.0,0.4985696550957489,0.4985696550957489,135.45165592387065,104.0,0.0,41577.0,0.4974618463041767,0.4974618463041767,104.0,0.0,0.0,42289.0,0.457105736270041,0.457105736270041
257,163.9002194179085,103.00000000000001,77.0,41549.0,0.49747874747769166,0.49747874747769166,134.39889538296734,103.00000000000001,0.0,41517.0,0.4978664651589431,0.4978664651589431,103.00000000000003,0.0,0.0,42337.0,0.4588573738866865,0.4588573738866865
258,164.96337477585135,102.00000000000003,78.0,41551.0,0.49532347090737683,0.49532347090737683,133.33777753463423,102.00000000000003,0.0,41497.0,0.49891774541024103,0.49891774541024103,102.00000000000003,0.0,0.0,42269.0,0.4597030316387358,0.4597030316387358
259,166.05771241185448,100.99999999999999,79.0,41569.0,0.4939009427747965,0.4939009427747965,132.2684365591127,100.99999999999999,0.0,41519.0,0.5005205616574767,0.5005205616574767,100.99999999999999,0.0,0.0,42297.0,0.46037715795634826,0.46037715795634826
260,167.18270738037293,100.0,80.0,41547.0,0.49332494729345966,0.49332494729345966,131.19100532422874,100.0,0.0,41493.0,0.501442142390532,0.501442142390532,100.0,0.0,0.0,42297.0,0.46059797320397416,0.46059797320397416
261,168.33782798100347,99.00000000000003,81.0,41535.0,0.49317649279775055,0.49317649279775055,130.10561537207144,99.00000000000003,0.0,41477.0,0.5029509792926532,0.5029509792926532,99.00000000000003,0.0,0.0,42301.0,0.46080637761802673,0.46080637761802673
262,169.5225370052791,98.00000000000004,82.0,41531.0,0.4930179257982407,0.4930179257982407,129.01239690756344,98.00000000000003,0.0,41499.0,0.5038865927569447,0.5038865927569447,98.00000000000003,0.0,0.0,42305.0,0.46164892907193655,0.46164892907193655
263,170.7362929286088,96.99999999999999,83.0,41497.0,0.492511191194644,0.492511191194644,127.9114787888439,96.99999999999999,0.0,41539.0,0.504245234015519,0.504245234015519,96.99999999999999,0.0,0.0,42297.0,0.4627231061476662,0.4627231061476662
264,171.97855104512698,96.00000000000001,84.0,41539.0,0.4912788909350332,0.4912788909350332,126.80298851938687,96.00000000000001,0.0,41559.0,0.5043031991636977,0.5043031991636977,96.0,0.0,0.0,42369.0,0.4643419824988448,0.4643419824988448
265,173.24876454380865,95.0,85.0,41479.0,0.4911746297728538,0.4911746297728538,125.68705224177907,95.0,0.0,41485.0,0.5059279345339631,0.5059279345339631,95.0,0.0,0.0,42269.0,0.4664762142326085,0.4664762142326085
266,174.5463855247564,94.00000000000003,86.0,41507.0,0.4912785690872402,0.4912785690872402,124.56379473308243,94.00000000000001,0.0,41557.0,0.5059364883104163,0.5059364883104163,94.00000000000003,0.0,0.0,42365.0,0.46774786311307376,0.46774786311307376
267,175.87086595507745,93.00000000000003,87.0,41513.0,0.492324250496305,0.492324250496305,123.43333940170837,93.00000000000004,0.0,41551.0,0.5065773338313868,0.5065773338313868,93.00000000000003,0.0,0.0,42273.0,0.46808523994976414,0.46808523994976414
268,177.2216585642362,91.99999999999999,88.0,41427.0,0.489520561894494,0.489520561894494,122.29580828573191,91.99999999999999,0.0,41485.0,0.5010939936495321,0.5010939936495321,91.99999999999999,0.0,0.0,42177.0,0.4635952639007095,0.4635952639007095
269,178.59821767919053,90.99999999999999,89.0,41523.0,0.47053803981044023,0.47053803981044023,121.1513220525765,91.0,0.0,41885.0,0.48082951955561226,0.48082951955561226,91.0,0.0,0.0,42545.0,0.44769706881345195,0.44769706881345195
270,180.0,90.00000000000001,90.0,44473.0,0.3945473393363327,0.3945473393363327,120.00000000000001,90.00000000000001,0.0,44473.0,0.41059914969303424,0.41059914969303424,90.00000000000001,0.0,0.0,44473.0,0.40350183668051903,0.40350183668051903
271,178.57353468307315,89.00000000000004,91.0,41515.0,0.46789916672341125,0.46789916672341125,118.84196005831733,89.00000000000003,0.0,41885.0,0.4809911109572883,0.4809911109572883,89.00000000000003,0.0,0.0,42545.0,0.4482382547996806,0.4482382547996806
272,177.12292282965706,87.99999999999999,92.0,41435.0,0.4836356916510147,0.4836356916510147,117.67731879379372,87.99999999999999,0.0,41485.0,0.503041445537846,0.503041445537846,88.0,0.0,0.0,42177.0,0.46494901203417427,0.46494901203417427
273,175.64869654499552,87.0,93.0,41495.0,0.48435230842110905,0.48435230842110905,116.50619141314722,87.0,0.0,41551.0,0.5106724203394146,0.5106724203394146,87.00000000000001,0.0,0.0,42273.0,0.4704179236243271,0.4704179236243271
274,174.15138302953218,86.0,94.0,41527.0,0.4816350831179611,0.4816350831179611,115.3286917690985,86.0,0.0,41557.0,0.5115483942073754,0.5115483942073754,86.0,0.0,0.0,42365.0,0.47100764874068324,0.47100764874068324
275,172.6315040804108,85.00000000000001,95.0,41485.0,0.48027303037801006,0.48027303037801006,114.14493236691044,85.00000000000001,0.0,41485.0,0.5116404862268219,0.5116404862268219,85.00000000000001,0.0,0.0,42269.0,0.47080273002956213,0.47080273002956213
276,171.0895756428086,84.00000000000001,96.0,41549.0,0.4775971185476406,0.4775971185476406,112.95502437185989,84.00000000000003,0.0,41559.0,0.5111256282164975,0.5111256282164975,84.00000000000004,0.0,0.0,42369.0,0.469346172319939,0.469346172319939
277,169.5261074089163,82.99999999999999,97.0,41525.0,0.47602027817616904,0.47602027817616904,111.75907761758678,82.99999999999999,0.0,41539.0,0.5104202836997206,0.5104202836997206,83.0,0.0,0.0,42297.0,0.46911729265086743,0.46911729265086743
278,167.94160246230194,82.0,98.0,41525.0,0.4736922474763268,0.4736922474763268,110.55720061526843,82.0,0.0,41499.0,0.5099318541884127,0.5099318541884127,82.0,0.0,0.0,42305.0,0.4703636084604094,0.4703636084604094
279,166.33655696534586,81.00000000000001,99.0,41525.0,0.4730032419884207,0.4730032419884207,109.34950056356652,81.00000000000001,0.0,41477.0,0.511152553637938,0.511152553637938,81.0,0.0,0.0,42301.0,0.47101524113040866,0.47101524113040866
280,164.71145988741117,80.00000000000004,100.0,41543.0,0.4731325092038519,0.4731325092038519,108.13608335929949,80.00000000000003,0.0,41493.0,0.5122138747218065,0.5122138747218065,80.00000000000003,0.0,0.0,42297.0,0.47222566303023905,0.47222566303023905
281,163.06679277140776,78.99999999999999,101.0,41571.0,0.47318581956658556,0.47318581956658556,106.91705360879143,78.99999999999999,0.0,41519.0,0.5123438696012215,0.5123438696012215,78.99999999999997,0.0,0.0,42297.0,0.47427404744981,0.47427404744981
282,161.40302953642424,78.0,102.0,41567.0,0.4733039234961809,0.4733039234961809,105.69251463985408,78.0,0.0,41497.0,0.5112346486191207,0.5112346486191207,78.0,0.0,0.0,42269.0,0.47547545988885487,0.47547545988885487
283,159.72063631413093,77.0,103.0,41555.0,0.47310806764714686,0.47310806764714686,104.46256851435584,77.0,0.0,41517.0,0.5105168934944498,0.5105168934944498,77.0,0.0,0.0,42337.0,0.47636220008511443,0.47636220008511443
284,158.020071316705,76.00000000000001,104.0,41579.0,0.4726058154442787,0.4726058154442787,103.22731604133925,76.00000000000001,0.0,41577.0,0.5092893655048937,0.5092893655048937,76.00000000000001,0.0,0.0,42289.0,0.47759951954058605,0.47759951954058605
285,156.30178473408102,75.00000000000003,105.0,41595.0,0.4728001058756454,0.4728001058756454,101.98685679064442,75.00000000000003,0.0,41559.0,0.5084125508891318,0.5084125508891318,75.00000000000003,0.0,0.0,42337.0,0.4800428206967264,0.4800428206967264
286,154.56621865839847,73.99999999999997,106.0,41545.0,0.4760272318770127,0.4760272318770127,100.74128910700202,73.99999999999997,0.0,41569.0,0.5086752080850452,0.5086752080850452,73.99999999999999,0.0,0.0,42353.0,0.48280254874460554,0.48280254874460554
287,152.81380703359105,73.0,107.0,41571.0,0.4791511083738681,0.4791511083738681,99.49071012455872,73.00000000000001,0.0,41569.0,0.508925097982445,0.508925097982445,73.00000000000001,0.0,0.0,42317.0,0.4841716953944336,0.4841716953944336
288,151.04497562814018,72.00000000000003,108.0,41559.0,0.48110550035959254,0.48110550035959254,98.23521578180002,72.00000000000001,0.0,41487.0,0.5088992260724563,0.5088992260724563,72.00000000000003,0.0,0.0,42269.0,0.48586630797399977,0.48586630797399977
289,149.2601420291024,71.00000000000001,109.0,41585.0,0.48221342269859824,0.48221342269859824,96.97490083683869,71.00000000000003,0.0,41531.0,0.5083716953239241,0.5083716953239241,71.00000000000003,0.0,0.0,42273.0,0.48650347692757534,0.48650347692757534
290,147.45971565560433,69.99999999999997,110.0,41561.0,0.4834404398356869,0.4834404398356869,95.70985888303562,69.99999999999997,0.0,41573.0,0.5075739245057913,0.5075739245057913,69.99999999999999,0.0,0.0,42305.0,0.4878272918268068,0.4878272918268068
291,145.6440977900911,69.0,111.0,41537.0,0.48386398266325054,0.48386398266325054,94.44018236492481,69.0,0.0,41545.0,0.5064404558573206,0.5064404558573206,69.0,0.0,0.0,42225.0,0.4891131613629197,0.4891131613629197
292,143.81368162570172,68.00000000000001,112.0,41573.0,0.4846054471743789,0.4846054471743789,93.16596259441228,68.00000000000001,0.0,41619.0,0.5069336483635969,0.5069336483635969,68.00000000000001,0.0,0.0,42305.0,0.4912589407554353,0.4912589407554353
293,141.96885232823834,67.0,113.0,41569.0,0.48577018984546455,0.48577018984546455,91.88728976722366,67.0,0.0,41577.0,0.507435417126926,0.507435417126926,67.00000000000001,0.0,0.0,42261.0,0.49261710109622564,0.49261710109622564
294,140.10998711128371,66.00000000000003,114.0,41533.0,0.48719349230273307,0.48719349230273307,90.60425297957374,66.00000000000003,0.0,41551.0,0.509299123976155,0.509299123976155,66.00000000000001,0.0,0.0,42305.0,0.49512086828690405,0.49512086828690405
295,138.2374553231104,65.0,115.0,41537.0,0.4904447016368269,0.4904447016368269,89.31694024503408,65.0,0.0,41587.0,0.5104049544432128,0.5104049544432128,65.0,0.0,0.0,42385.0,0.49745744640497525,0.49745744640497525
296,136.35161854411305,64.0,116.0,41515.0,0.4932476132094605,0.4932476132094605,88.0254385115759,64.0,0.0,41555.0,0.5100188130668154,0.5100188130668154,64.0,0.0,0.0,42433.0,0.49850759660497546,0.49850759660497546
297,134.45283069357666,63.0,117.0,41579.0,0.49475320407363266,0.49475320407363266,86.72983367876635,63.0,0.0,41591.0,0.50929389663012,0.50929389663012,63.000000000000014,0.0,0.0,42401.0,0.5009016449671883,0.5009016449671883
298,132.54143814467875,62.00000000000002,118.0,41603.0,0.4966971094047623,0.4966971094047623,85.43021061509818,62.00000000000002,0.0,41591.0,0.509026702145631,0.509026702145631,62.000000000000014,0.0,0.0,42377.0,0.5021673863488927,0.5021673863488927
299,130.61777984669925,60.999999999999986,119.0,41505.0,0.49717257182923524,0.49717257182923524,84.12665317543313,61.0,0.0,41593.0,0.5088476078897445,0.5088476078897445,60.999999999999986,0.0,0.0,42341.0,0.5037238049153263,0.5037238049153263
300,128.68218745348943,59.999999999999986,120.0,41531.0,0.5005035579499967,0.5005035579499967,82.8192442185417,59.999999999999986,0.0,41539.0,0.5082741429352484,0.5082741429352484,59.999999999999986,0.0,0.0,42313.0,0.5054052992617853,0.5054052992617853
301,126.73498545732119,59.00000000000001,121.0,41547.0,0.5040032689423382,0.5040032689423382,81.50806562472117,59.00000000000001,0.0,41541.0,0.5098696692577936,0.5098696692577936,58.99999999999999,0.0,0.0,42321.0,0.5080660352241665,0.5080660352241665
302,124.77649132730967,58.00000000000003,122.0,41591.0,0.5059324939980855,0.5059324939980855,80.19319831347727,58.00000000000002,0.0,41491.0,0.5106333365186668,0.5106333365186668,58.00000000000002,0.0,0.0,42289.0,0.5098555213509464,0.5098555213509464
303,122.80701565166507,57.00000000000002,123.0,41519.0,0.5045303779143616,0.5045303779143616,78.87472226125371,57.00000000000002,0.0,41527.0,0.5123205462952007,0.5123205462952007,57.00000000000003,0.0,0.0,42385.0,0.5119725045150711,0.5119725045150711
304,120.82686228309247,55.99999999999999,124.0,41565.0,0.5058600073413706,0.5058600073413706,77.55271651919618,55.99999999999999,0.0,41571.0,0.5138830015763632,0.5138830015763632,55.99999999999999,0.0,0.0,42345.0,0.5130956267454313,0.5130956267454313
305,118.8363284867174,54.999999999999986,125.0,41559.0,0.5082440465149375,0.5082440465149375,76.22725923093766,54.99999999999999,0.0,41549.0,0.5147538007626462,0.5147538007626462,55.0,0.0,0.0,42361.0,0.5151160108128477,0.5151160108128477
306,116.83570508996769,54.000000000000014,126.0,41543.0,0.509488347700749,0.509488347700749,74.89842765039242,54.000000000000014,0.0,41537.0,0.515228159942808,0.515228159942808,54.00000000000002,0.0,0.0,42341.0,0.517146455047505,0.517146455047505
307,114.8252766338972,53.00000000000002,127.0,41557.0,0.5072671766944538,0.5072671766944538,73.56629815954882,53.000000000000014,0.0,41557.0,0.51445230618733,0.51445230618733,53.000000000000014,0.0,0.0,42441.0,0.5160050826403069,0.5160050826403069
308,112.80532152548253,51.999999999999986,128.0,41595.0,0.506966167240167,0.506966167240167,72.23094628624911,51.999999999999986,0.0,41605.0,0.517621762696602,0.517621762696602,51.99999999999999,0.0,0.0,42313.0,0.5220388549973192,0.5220388549973192
309,110.77611219047017,50.999999999999986,129.0,41529.0,0.5076357697630215,0.5076357697630215,70.89244672194765,50.999999999999986,0.0,41587.0,0.5199790982034174,0.5199790982034174,50.99999999999999,0.0,0.0,42361.0,0.524459053150215,0.524459053150215
310,108.73791522639392,50.00000000000001,130.0,41545.0,0.5083428829441657,0.5083428829441657,69.55087333943784,50.00000000000001,0.0,41569.0,0.5218769505333184,0.5218769505333184,50.00000000000001,0.0,0.0,42273.0,0.5259982371297107,0.5259982371297107
311,106.69099155542158,49.00000000000003,131.0,41557.0,0.5107062389163334,0.5107062389163334,68.20629921054041,49.00000000000003,0.0,41561.0,0.5236007896425088,0.5236007896425088,49.00000000000003,0.0,0.0,42269.0,0.5274155649700764,0.5274155649700764
312,104.63559657672636,48.000000000000036,132.0,41521.0,0.5113645223723527,0.5113645223723527,66.85879662374494,48.00000000000002,0.0,41519.0,0.5243147570000428,0.5243147570000428,48.00000000000004,0.0,0.0,42269.0,0.5291823869500527,0.5291823869500527
313,102.5719803181125,46.99999999999998,133.0,41571.0,0.5111148150725664,0.5111148150725664,65.50843710179858,46.999999999999986,0.0,41569.0,0.5256737585443347,0.5256737585443347,47.0,0.0,0.0,42329.0,0.5322851108934729,0.5322851108934729
314,100.50038758665605,45.99999999999999,134.0,41539.0,0.5092958754571789,0.5092958754571789,64.15529141923497,45.99999999999999,0.0,41573.0,0.5272344103699085,0.5272344103699085,45.999999999999986,0.0,0.0,42269.0,0.5349995111517696,0.5349995111517696
315,98.42105811814943,45.00000000000001,135.0,41517.0,0.505543917195215,0.505543917195215,62.799429619838094,45.00000000000001,0.0,41491.0,0.5274526792339663,0.5274526792339663,45.00000000000001,0.0,0.0,42357.0,0.5370536046453408,0.5370536046453408
316,96.33422672516805,44.00000000000002,136.0,41591.0,0.5083481881840759,0.5083481881840759,61.440921034036336,44.00000000000002,0.0,41573.0,0.5321523830160019,0.5321523830160019,44.00000000000003,0.0,0.0,42269.0,0.5386106102895435,0.5386106102895435
317,94.24012344359879,42.999999999999986,137.0,41551.0,0.5096492305368192,0.5096492305368192,60.07983429622183,42.999999999999986,0.0,41569.0,0.5349199636831969,0.5349199636831969,42.99999999999999,0.0,0.0,42329.0,0.5403270666018659,0.5403270666018659
318,92.13897367749519,42.0,138.0,41547.0,0.5091657378413872,0.5091657378413872,58.71623736199178,41.999999999999986,0.0,41519.0,0.5372146351282041,0.5372146351282041,42.0,0.0,0.0,42269.0,0.5422832764477503,0.5422832764477503
319,90.03099834214207,41.00000000000001,139.0,41601.0,0.5079508854896474,0.5079508854896474,57.35019752530688,41.00000000000001,0.0,41561.0,0.5398075431053599,0.5398075431053599,41.00000000000002,0.0,0.0,42269.0,0.5434896969423114,0.5434896969423114
320,87.91641400523561,40.000000000000014,140.0,41569.0,0.5106715038110367,0.5106715038110367,55.981781435565715,40.000000000000014,0.0,41569.0,0.5421784803136014,0.5421784803136014,40.00000000000002,0.0,0.0,42273.0,0.5450192943864596,0.5450192943864596
321,85.79543302609785,39.000000000000014,141.0,41543.0,0.5122314242279493,0.5122314242279493,54.611055114590904,39.000000000000014,0.0,41587.0,0.5449188693525852,0.5449188693525852,39.00000000000003,0.0,0.0,42361.0,0.547956527007037,0.547956527007037
322,83.66826369286376,37.999999999999986,142.0,41559.0,0.5133457156051897,0.5133457156051897,53.238083973526024,37.999999999999986,0.0,41605.0,0.5483621890763625,0.5483621890763625,37.99999999999999,0.0,0.0,42313.0,0.5498413680524509,0.5498413680524509
323,81.53511035759179,37.0,143.0,41597.0,0.5136200345175236,0.5136200345175236,51.8629328296406,37.0,0.0,41557.0,0.5495602620874978,0.5495602620874978,37.0,0.0,0.0,42441.0,0.548608242752119,0.548608242752119
324,79.3961735692619,36.000000000000014,144.0,41565.0,0.5145428116301666,0.5145428116301666,50.48566592304224,36.000000000000014,0.0,41537.0,0.5543495373109517,0.5543495373109517,36.00000000000002,0.0,0.0,42341.0,0.5558179079390211,0.5558179079390211
325,77.25165020463902,35.00000000000002,145.0,41595.0,0.5165113798252188,0.5165113798252188,49.10634693329498,35.000000000000036,0.0,41549.0,0.5583574745097974,0.5583574745097974,35.000000000000036,0.0,0.0,42361.0,0.558739313992621,0.558739313992621
326,75.10173359698787,33.999999999999986,146.0,41595.0,0.5176289840416715,0.5176289840416715,47.72503899594277,33.999999999999986,0.0,41571.0,0.5615827374261658,0.5615827374261658,33.99999999999998,0.0,0.0,42345.0,0.5612723308404926,0.5612723308404926
327,72.946613662638,33.0,147.0,41453.0,0.517145000379809,0.517145000379809,46.34180471893829,33.0,0.0,41527.0,0.5636236593701898,0.5636236593701898,33.0,0.0,0.0,42385.0,0.5650328806253047,0.5650328806253047
328,70.78647702540268,32.000000000000014,148.0,41559.0,0.5172501789212248,0.5172501789212248,44.95670619897573,32.000000000000014,0.0,41491.0,0.5657722324105927,0.5657722324105927,31.99999999999999,0.0,0.0,42289.0,0.566804456545544,0.566804456545544
329,68.6215071388685,31.000000000000007,149.0,41545.0,0.5176165148608277,0.5176165148608277,43.56980503772961,31.000000000000007,0.0,41541.0,0.5688291822929404,0.5688291822929404,31.000000000000018,0.0,0.0,42321.0,0.5695930634223679,0.5695930634223679
330,66.45188440657522,30.00000000000003,150.0,41579.0,0.5185407133701041,0.5185407133701041,42.18116235799827,30.00000000000003,0.0,41539.0,0.5706590939657183,0.5706590939657183,30.000000000000036,0.0,0.0,42313.0,0.5718803035064436,0.5718803035064436
331,64.27778630011413,28.999999999999996,151.0,41583.0,0.5197841544512923,0.5197841544512923,40.790838819754036,28.999999999999982,0.0,41593.0,0.5733253248666927,0.5733253248666927,29.000000000000014,0.0,0.0,42341.0,0.5760937300348312,0.5760937300348312
332,62.099387475178595,27.999999999999996,152.0,41543.0,0.52156782967741,0.52156782967741,39.39889463610048,27.999999999999996,0.0,41591.0,0.575805087670859,0.575805087670859,28.0,0.0,0.0,42377.0,0.5802057735918822,0.5802057735918822
333,59.91685988560488,27.000000000000025,153.0,41587.0,0.5240784115252252,0.5240784115252252,38.005389589137636,27.00000000000001,0.0,41591.0,0.5777015585305576,0.5777015585305576,27.00000000000002,0.0,0.0,42401.0,0.5839304103540114,0.5839304103540114
334,57.730372895447374,26.000000000000025,154.0,41545.0,0.5276960843859825,0.5276960843859825,36.61038304573719,26.000000000000025,0.0,41555.0,0.5798980719151065,0.5798980719151065,26.00000000000005,0.0,0.0,42433.0,0.5866987383963146,0.5866987383963146
335,55.540093389134725,24.999999999999975,155.0,41555.0,0.5309591489102343,0.5309591489102343,35.21393397322867,24.99999999999999,0.0,41587.0,0.5830788467974534,0.5830788467974534,25.000000000000004,0.0,0.0,42385.0,0.5909687837418588,0.5909687837418588
336,53.34618587975917,23.99999999999999,156.0,41547.0,0.5340940269245573,0.5340940269245573,33.816100954999484,23.99999999999999,0.0,41551.0,0.5865631169808576,0.5865631169808576,23.999999999999975,0.0,0.0,42305.0,0.5943564687176573,0.5943564687176573
337,51.14881261555134,22.999999999999993,157.0,41559.0,0.5388095989408285,0.5388095989408285,32.41694220600873,23.00000000000001,0.0,41577.0,0.5901409533102981,0.5901409533102981,23.000000000000014,0.0,0.0,42261.0,0.5983610299468864,0.5983610299468864
338,48.94813368459884,22.000000000000014,158.0,41601.0,0.543933629277254,0.543933629277254,31.016515588218535,22.000000000000032,0.0,41619.0,0.5948211493624284,0.5948211493624284,21.999999999999986,0.0,0.0,42305.0,0.6042168836001945,0.6042168836001945
339,46.74430711786889,21.00000000000002,159.0,41579.0,0.5504981437196338,0.5504981437196338,29.61487862594557,21.00000000000002,0.0,41545.0,0.5992322008758993,0.5992322008758993,21.000000000000053,0.0,0.0,42225.0,0.6097013741205757,0.6097013741205757
340,44.53748899059379,19.999999999999993,160.0,41547.0,0.553129088184447,0.553129088184447,28.21208852113278,19.999999999999993,0.0,41573.0,0.6039845877788278,0.6039845877788278,20.000000000000025,0.0,0.0,42305.0,0.6150334865829028,0.6150334865829028
341,42.3278335220864,18.999999999999975,161.0,41591.0,0.5571605569530024,0.5571605569530024,26.80820216854692,18.999999999999975,0.0,41531.0,0.6095304427718041,0.6095304427718041,18.99999999999998,0.0,0.0,42273.0,0.6203272256223411,0.6203272256223411
342,40.115493174047664,18.00000000000001,162.0,41587.0,0.563509228711681,0.563509228711681,25.40327617090227,18.00000000000001,0.0,41487.0,0.615450288387747,0.615450288387747,18.00000000000005,0.0,0.0,42269.0,0.6262017320117502,0.6262017320117502
343,37.900618747433825,16.99999999999999,163.0,41557.0,0.5713554737897847,0.5713554737897847,23.997366853913302,17.000000000000032,0.0,41569.0,0.6217385499314245,0.6217385499314245,17.000000000000004,0.0,0.0,42317.0,0.6311180553920349,0.6311180553920349
344,35.68335947795264,15.999999999999995,164.0,41651.0,0.5796075323173653,0.5796075323173653,22.590530281282334,15.999999999999995,0.0,41569.0,0.6290044445846769,0.6290044445846769,15.999999999999963,0.0,0.0,42353.0,0.6377205171204359,0.6377205171204359
345,33.46386313025452,14.999999999999996,165.0,41551.0,0.5858167836105543,0.5858167836105543,21.182822269620416,14.999999999999996,0.0,41559.0,0.6358455893089466,0.6358455893089466,15.000000000000027,0.0,0.0,42337.0,0.6436736621767406,0.6436736621767406
346,31.24227609088961,14.0,166.0,41583.0,0.5912592552369825,0.5912592552369825,19.774298403307757,14.0,0.0,41577.0,0.6425994774136744,0.6425994774136744,14.00000000000005,0.0,0.0,42289.0,0.6507197240096367,0.6507197240096367
347,29.018743460102378,13.000000000000025,167.0,41555.0,0.595876235146736,0.595876235146736,18.36501404929687,12.999999999999996,0.0,41517.0,0.6506948485587394,0.6506948485587394,13.000000000000043,0.0,0.0,42337.0,0.6614753713611369,0.6614753713611369
348,26.79340914253257,12.000000000000018,168.0,41559.0,0.6039392980575151,0.6039392980575151,16.955024371859913,12.000000000000018,0.0,41497.0,0.6598863845436699,0.6598863845436699,12.000000000000052,0.0,0.0,42269.0,0.6719479292831928,0.6719479292831928
349,24.56641593689463,10.99999999999996,169.0,41581.0,0.6123379568786861,0.6123379568786861,15.544384347284582,10.999999999999993,0.0,41519.0,0.6700475496122382,0.6700475496122382,10.999999999999943,0.0,0.0,42297.0,0.6835611164560806,0.6835611164560806
350,22.33790562470978,9.999999999999975,170.0,41555.0,0.6226073782532776,0.6226073782532776,14.133148778523188,9.999999999999975,0.0,41493.0,0.6816146600180975,0.6816146600180975,9.999999999999984,0.0,0.0,42297.0,0.6971648979327701,0.6971648979327701
351,20.108019058157538,8.999999999999984,171.0,41593.0,0.6342404760545799,0.6342404760545799,12.721372309794734,8.999999999999984,0.0,41477.0,0.6946623469234212,0.6946623469234212,9.00000000000002,0.0,0.0,42301.0,0.7132211452251102,0.7132211452251102
352,17.876896247126297,8.000000000000027,172.0,41577.0,0.6489598770156829,0.6489598770156829,11.309109441148529,8.000000000000027,0.0,41499.0,0.7104107267343983,0.7104107267343983,8.000000000000083,0.0,0.0,42305.0,0.7320308745154642,0.7320308745154642
353,15.644676445528933,6.9999999999999725,173.0,41583.0,0.6643070746991578,0.6643070746991578,9.896414542987902,6.9999999999999725,0.0,41539.0,0.729448256452167,0.729448256452167,6.999999999999893,0.0,0.0,42297.0,0.7539150013335792,0.7539150013335792
354,13.411498236963396,5.999999999999965,174.0,41531.0,0.6871548374631286,0.6871548374631286,8.483341870563546,5.999999999999965,0.0,41559.0,0.7535212836225328,0.7535212836225328,6.000000000000089,0.0,0.0,42369.0,0.7826427691468268,0.7826427691468268
355,11.177499619780882,4.999999999999992,175.0,41543.0,0.715175791621383,0.715175791621383,7.069945578430074,4.999999999999992,0.0,41485.0,0.7841680022067115,0.7841680022067115,4.999999999999906,0.0,0.0,42269.0,0.819572467438294,0.819572467438294
356,8.942818091649205,4.000000000000042,176.0,41569.0,0.748955973120893,0.748955973120893,5.6562797348856595,4.000000000000042,0.0,41557.0,0.8229424828891632,0.8229424828891632,3.9999999999998943,0.0,0.0,42365.0,0.864612621201261,0.864612621201261
357,6.707590733669952,2.999999999999923,177.0,41591.0,0.7937596732245826,0.7937596732245826,4.242398336379447,2.999999999999923,0.0,41551.0,0.8767073387079021,0.8767073387079021,3.0000000000000884,0.0,0.0,42273.0,0.9192021853220604,0.9192021853220604
358,4.4719542941297075,1.999999999999765,178.0,41567.0,0.8675272778904476,0.8675272778904476,2.828355321903896,1.999999999999765,0.0,41485.0,0.9455531212687248,0.9455531212687248,1.9999999999998004,0.0,0.0,42177.0,0.976640019509925,0.976640019509925
