ang_dist,cone_dist,inplane_dist,common_voxels,ccc,ccc_masked,z_score,z_score_masked,Tight mask overlap
0.0,0.0,0.0,44473.0,0.9999999403953552,0.9999999403953552,13.798697471618652,13.798697471618652,14184
29.999999999999996,0.0,30.0,42313.0,0.5780792236328125,0.5780792236328125,6.687327861785889,6.687327861785889,12030
59.99999999999999,0.0,60.0,42313.0,0.5195808410644531,0.5195808410644531,6.241012096405029,6.241012096405029,11147
90.0,0.0,90.0,44473.0,0.4173641204833984,0.4173641204833984,6.1091837882995605,6.1091837882995605,9981
120.0,0.0,120.0,42313.0,0.4719486236572265,0.4719486236572265,5.846078395843506,5.846078395843506,10293
150.0,0.0,150.0,42313.0,0.473339706659317,0.473339706659317,5.721200942993164,5.721200942993164,10263
180.0,0.0,180.0,44473.0,0.4099631011486053,0.4099631011486053,5.5798211097717285,5.5798211097717285,9509
149.99999999999997,0.0,149.99999999999997,42313.0,0.4629795551300049,0.4629795551300049,5.30979061126709,5.30979061126709,10186
120.0,0.0,120.0,42313.0,0.4523812234401703,0.4523812234401703,5.333584785461426,5.333584785461426,10275
90.00000000000001,0.0,90.0,44473.0,0.4035018384456634,0.4035018384456634,5.8287858963012695,5.8287858963012695,9981
59.99999999999999,0.0,59.99999999999999,42313.0,0.5054053068161011,0.5054053068161011,6.149204254150391,6.149204254150391,11159
30.00000000000004,0.0,30.00000000000003,42313.0,0.5718802809715271,0.5718802809715271,6.69821310043335,6.69821310043335,12080
132.97904749025295,15.942368605628612,0.0,41559.0,0.5028642416000366,0.5028642416000366,5.521839618682861,5.521839618682861,10688
103.3782333177734,15.942368605628612,30.0,41537.0,0.507452130317688,0.507452130317688,5.724545955657959,5.724545955657959,10770
73.98917434272978,15.942368605628612,60.0,41557.0,0.5307649970054626,0.5307649970054626,6.030788421630859,6.030788421630859,11179
45.25458118236716,15.942368605628634,90.0,41559.0,0.5711469650268555,0.5711469650268555,6.314496040344238,6.314496040344238,11748
20.228844275005933,15.942368605628612,120.0,41537.0,0.6336218118667603,0.6336218118667603,6.793819904327393,6.793819904327393,12343
23.636786578742218,15.942368605628612,150.0,41557.0,0.6293683052062988,0.6293683052062988,6.773639678955078,6.773639678955078,12264
49.96396075927565,15.942368605628612,180.0,41559.0,0.5683755278587341,0.5683755278587341,6.28953742980957,6.28953742980957,11365
78.87694608185706,15.942368605628612,149.99999999999997,41537.0,0.5295992493629456,0.5295992493629456,6.011302471160889,6.011302471160889,10756
108.31738451565866,15.942368605628612,120.0,41557.0,0.5133940577507019,0.5133940577507019,5.909453392028809,5.909453392028809,10512
137.93792773592833,15.942368605628634,90.00000000000001,41559.0,0.5141614079475403,0.5141614079475403,5.888177871704102,5.888177871704102,10573
167.62893825664662,15.942368605628634,60.0,41537.0,0.5205226540565491,0.5205226540565491,5.724472522735596,5.724472522735596,10481
162.66270624365308,15.942368605628612,30.00000000000003,41557.0,0.5125409960746765,0.5125409960746765,5.514786720275879,5.514786720275879,10537
23.16217154562648,22.61986494804042,0.0,41589.0,0.6251245141029358,0.6251245141029358,6.766126155853272,6.766126155853272,12268
41.49313061407248,22.619864948040405,30.0,41569.0,0.5658373832702637,0.5658373832702637,6.265717029571533,6.265717029571533,11577
68.42825578862062,22.61986494804042,60.0,41583.0,0.5114707946777344,0.5114707946777344,5.899797439575195,5.899797439575195,10820
97.03783472921886,22.61986494804042,90.0,41589.0,0.5064509510993958,0.5064509510993958,5.9952712059021,5.9952712059021,10454
126.17054822776376,22.61986494804042,120.0,41569.0,0.5052216649055481,0.5052216649055481,5.902658462524414,5.902658462524414,10156
155.5083135702531,22.61986494804042,150.0,41583.0,0.5009930729866028,0.5009930729866028,5.636473178863525,5.636473178863525,10102
175.0819305063375,22.61986494804042,180.0,41589.0,0.4996956884860992,0.4996956884860992,5.358134746551514,5.358134746551514,10029
145.68576233759526,22.619864948040405,149.99999999999997,41569.0,0.4847781658172607,0.4847781658172607,5.164719581604004,5.164719581604004,9991
116.39704991106704,22.61986494804042,120.0,41583.0,0.4699666798114776,0.4699666798114776,5.117331981658936,5.117331981658936,10023
87.38631103569588,22.61986494804042,90.0,41589.0,0.5008863806724548,0.5008863806724548,5.678868293762207,5.678868293762207,10331
59.118263512171794,22.61986494804042,59.99999999999999,41569.0,0.5439949631690979,0.5439949631690979,6.214218616485596,6.214218616485596,11073
33.5816578236426,22.619864948040387,30.00000000000003,41583.0,0.5975269079208374,0.5975269079208374,6.617935657501221,6.617935657501221,11849
143.6593828884442,27.79577249602796,0.0,41597.0,0.5160611867904663,0.5160611867904663,5.888822078704834,5.888822078704834,10813
172.7424677694358,27.79577249602796,30.0,41569.0,0.5158765316009521,0.5158765316009521,5.7140398025512695,5.7140398025512695,10634
158.14431037306366,27.79577249602796,60.0,41535.0,0.4887906312942505,0.4887906312942505,5.395544052124023,5.395544052124023,10499
129.12607574237234,27.79577249602796,90.0,41597.0,0.4899927675724029,0.4899927675724029,5.581229209899902,5.581229209899902,10774
100.3877201538978,27.79577249602797,120.0,41569.0,0.505244791507721,0.505244791507721,5.90418815612793,5.90418815612793,10912
72.3460601898916,27.795772496027947,150.0,41535.0,0.5140165090560913,0.5140165090560913,5.942716598510742,5.942716598510742,11042
46.360091688726406,27.79577249602796,180.0,41597.0,0.5556434988975525,0.5556434988975525,6.219235897064209,6.219235897064209,11485
28.76465087531788,27.795772496027947,149.99999999999997,41569.0,0.6009170413017273,0.6009170413017273,6.5258870124816895,6.5258870124816895,12006
35.635510892888306,27.79577249602796,120.00000000000004,41535.0,0.5960605144500732,0.5960605144500732,6.415501594543457,6.415501594543457,11924
58.95946862015869,27.79577249602796,90.0,41597.0,0.5667197108268738,0.5667197108268738,6.169800758361816,6.169800758361816,11401
86.27752645855567,27.79577249602797,60.0,41569.0,0.5407077074050903,0.5407077074050903,6.05302095413208,6.05302095413208,11078
114.7494949044058,27.79577249602796,30.00000000000003,41535.0,0.5247461795806885,0.5247461795806885,6.0218281745910645,6.0218281745910645,11006
85.18951132095422,32.20422750397202,0.0,41495.0,0.5334058403968811,0.5334058403968811,5.988349914550781,5.988349914550781,10937
58.88198537990512,32.20422750397201,30.0,41543.0,0.5590704679489136,0.5590704679489136,6.193178176879883,6.193178176879883,11440
37.75309570038476,32.204227503972035,60.0,41551.0,0.5826635956764221,0.5826635956764221,6.292056083679199,6.292056083679199,11912
33.6907985252407,32.20422750397201,90.0,41495.0,0.5853977203369141,0.5853977203369141,6.379823207855225,6.379823207855225,11761
50.95923519524122,32.20422750397202,120.0,41543.0,0.5301420092582703,0.5301420092582703,5.991722106933594,5.991722106933594,11009
76.2127341560821,32.20422750397202,150.0,41551.0,0.5214987993240356,0.5214987993240356,6.074227333068848,6.074227333068848,10395
103.75121060105305,32.20422750397202,179.99999999999997,41495.0,0.5002935528755188,0.5002935528755188,5.814633369445801,5.814633369445801,10161
132.1171499871698,32.204227503972035,149.99999999999997,41543.0,0.5033746957778931,0.5033746957778931,5.843516826629639,5.843516826629639,10291
160.82201253881044,32.20422750397202,120.0,41551.0,0.5136297941207886,0.5136297941207886,5.794756412506104,5.794756412506104,10282
170.36342239973712,32.20422750397201,90.0,41495.0,0.5245639085769653,0.5245639085769653,5.68621826171875,5.68621826171875,10383
141.60238470627027,32.204227503972035,60.0,41543.0,0.5190120339393616,0.5190120339393616,5.628562450408936,5.628562450408936,10554
113.08920253553042,32.20422750397202,30.000000000000057,41551.0,0.5154677629470825,0.5154677629470825,5.6851487159729,5.6851487159729,10524
67.10983998632268,36.128927471938205,0.0,41635.0,0.5335894227027893,0.5335894227027893,6.014796733856201,6.014796733856201,11164
93.28716877742426,36.1289274719382,30.0,41567.0,0.5237827897071838,0.5237827897071838,6.051950931549072,6.051950931549072,11031
120.93375352458244,36.128927471938205,60.0,41557.0,0.5156311988830566,0.5156311988830566,5.950530052185059,5.950530052185059,10634
149.17974460494978,36.1289274719382,90.0,41635.0,0.5137646794319153,0.5137646794319153,5.74700403213501,5.74700403213501,10243
177.66015343710686,36.1289274719382,120.0,41567.0,0.5018102526664734,0.5018102526664734,5.384147644042969,5.384147644042969,10076
153.8433583535764,36.1289274719382,150.0,41557.0,0.508151113986969,0.508151113986969,5.425097942352295,5.425097942352295,10075
125.54015900538197,36.128927471938205,180.0,41635.0,0.491241306066513,0.491241306066513,5.409280776977539,5.409280776977539,9991
97.75672568749484,36.1289274719382,149.99999999999997,41567.0,0.482306033372879,0.482306033372879,5.565515041351318,5.565515041351318,9960
71.23187721634211,36.1289274719382,120.0,41557.0,0.4908915162086487,0.4908915162086487,5.770820140838623,5.770820140838623,10429
48.2047141721138,36.1289274719382,90.0,41635.0,0.5240400433540344,0.5240400433540344,5.988208770751953,5.988208770751953,11094
36.20987084443127,36.1289274719382,59.99999999999993,41567.0,0.5644710659980774,0.5644710659980774,6.236639499664307,6.236639499664307,11599
45.1474647614334,36.1289274719382,30.000000000000057,41557.0,0.5708214640617371,0.5708214640617371,6.294933795928955,6.294933795928955,11663
165.8528070441572,39.71513723182621,0.0,41573.0,0.5472219586372375,0.5472219586372375,6.014780521392822,6.014780521392822,11297
137.76493537890622,39.71513723182621,30.0,41579.0,0.5141561031341553,0.5141561031341553,5.824183940887451,5.824183940887451,11197
110.0991107977194,39.71513723182621,60.0,41533.0,0.5108848810195923,0.5108848810195923,5.911581516265869,5.911581516265869,11205
83.4387468064821,39.71513723182621,90.0,41573.0,0.5194478034973145,0.5194478034973145,5.953078269958496,5.953078269958496,11195
59.2934446955383,39.71513723182621,120.0,41579.0,0.5351855158805847,0.5351855158805847,5.958707332611084,5.958707332611084,11299
42.33038326920163,39.71513723182621,150.0,41533.0,0.5752123594284058,0.5752123594284058,6.276285648345947,6.276285648345947,11614
42.36205067048783,39.71513723182621,180.0,41573.0,0.5777642130851746,0.5777642130851746,6.266417026519775,6.266417026519775,11538
59.36120296251431,39.71513723182621,150.0,41579.0,0.5707125663757324,0.5707125663757324,6.2263288497924805,6.2263288497924805,11284
83.51887528079557,39.71513723182621,120.00000000000004,41533.0,0.5496721267700195,0.5496721267700195,6.037364959716797,6.037364959716797,11032
110.18390651434164,39.71513723182621,90.0,41573.0,0.5328341722488403,0.5328341722488403,5.930283069610596,5.930283069610596,10756
137.85170945055228,39.71513723182621,59.99999999999999,41579.0,0.5497345924377441,0.5497345924377441,6.168336868286133,6.168336868286133,11102
165.9403483412727,39.71513723182621,30.00000000000003,41533.0,0.5637867450714111,0.5637867450714111,6.219627857208252,6.219627857208252,11153
50.70089141841507,43.049079800236335,0.0,41601.0,0.5618779063224792,0.5618779063224792,6.279406547546387,6.279406547546387,11546
43.12120225903236,43.04907980023635,30.0,41595.0,0.5749082565307617,0.5749082565307617,6.343574047088623,6.343574047088623,11593
53.50153736183192,43.049079800236335,60.0,41577.0,0.5477162003517151,0.5477162003517151,6.201117515563965,6.201117515563965,11193
74.67781763545004,43.049079800236335,90.0,41601.0,0.5061699151992798,0.5061699151992798,5.973433494567871,5.973433494567871,10459
99.97293725866788,43.04907980023633,120.0,41595.0,0.493617445230484,0.493617445230484,5.893222332000732,5.893222332000732,9979
126.88983220419249,43.049079800236335,150.0,41577.0,0.502117931842804,0.502117931842804,5.859626770019531,5.859626770019531,9924
154.50190560196071,43.04907980023633,180.0,41601.0,0.4941961765289306,0.4941961765289306,5.620133399963379,5.620133399963379,9883
177.62381709698963,43.04907980023635,149.99999999999997,41595.0,0.4866186082363128,0.4866186082363128,5.330960750579834,5.330960750579834,9806
149.77235392432647,43.049079800236335,120.0,41577.0,0.4881951808929443,0.4881951808929443,5.263644218444824,5.263644218444824,10042
122.24069992374582,43.049079800236335,90.0,41601.0,0.498768150806427,0.498768150806427,5.4386162757873535,5.4386162757873535,10129
95.51162834195654,43.04907980023633,59.99999999999999,41595.0,0.5154144763946533,0.5154144763946533,5.769814014434815,5.769814014434815,10453
70.66763116812997,43.04907980023635,30.00000000000003,41577.0,0.544802188873291,0.544802188873291,6.208522796630859,6.208522796630859,10973
116.3663859819556,46.18693853959685,0.0,41603.0,0.5089513659477234,0.5089513659477234,5.832046508789063,5.832046508789063,11068
143.3816848505001,46.186938539596845,30.0,41553.0,0.4731123149394989,0.4731123149394989,5.357866764068604,5.357866764068604,10578
170.86024032225384,46.18693853959684,60.0,41599.0,0.466931015253067,0.466931015253067,5.146477699279785,5.146477699279785,10118
161.5601930347779,46.18693853959684,90.0,41603.0,0.4629221260547638,0.4629221260547638,5.069598197937012,5.069598197937012,10081
134.19003137230462,46.18693853959684,120.0,41553.0,0.4920758306980133,0.4920758306980133,5.552847385406494,5.552847385406494,10372
107.45014295149066,46.186938539596845,150.0,41599.0,0.5091632008552551,0.5091632008552551,5.929547309875488,5.929547309875488,10461
82.15941635717054,46.18693853959684,180.0,41603.0,0.4976605474948883,0.4976605474948883,5.812788486480713,5.812788486480713,10586
60.3345662445494,46.18693853959684,149.99999999999997,41553.0,0.5215933918952942,0.5215933918952942,6.010396480560303,6.010396480560303,10891
47.18670751662073,46.186938539596845,120.0,41599.0,0.5504065752029419,0.5504065752029419,6.194667339324951,6.194667339324951,11298
50.13624686015335,46.18693853959684,90.00000000000001,41603.0,0.5677741169929504,0.5677741169929504,6.250453472137451,6.250453472137451,11685
67.08606058253541,46.18693853959684,59.99999999999999,41553.0,0.5625525712966919,0.5625525712966919,6.209381103515625,6.209381103515625,11452
90.4478580225214,46.186938539596845,30.00000000000003,41599.0,0.5369709134101868,0.5369709134101868,6.041599750518799,6.041599750518799,11236
119.24825853665271,49.16778297253094,0.0,41585.0,0.5310395359992981,0.5310395359992981,5.81559944152832,5.81559944152832,11079
93.67759152822794,49.167782972530944,30.0,41589.0,0.5296875834465027,0.5296875834465027,5.827043533325195,5.827043533325195,11227
70.6631296637845,49.16778297253094,60.0,41533.0,0.5522875189781189,0.5522875189781189,6.063345432281494,6.063345432281494,11410
53.75169801537,49.167782972530944,90.0,41585.0,0.5639191269874573,0.5639191269874573,6.159238338470459,6.159238338470459,11664
49.7112912918485,49.16778297253094,120.0,41589.0,0.5430251359939575,0.5430251359939575,5.99465274810791,5.99465274810791,11218
61.16094788966755,49.16778297253094,150.0,41533.0,0.5101392269134521,0.5101392269134521,5.75354528427124,5.75354528427124,10776
81.81088604814961,49.16778297253094,180.0,41585.0,0.5217791795730591,0.5217791795730591,5.941201686859131,5.941201686859131,10422
106.38031372753169,49.167782972530944,149.99999999999997,41589.0,0.5260077714920044,0.5260077714920044,5.996572971343994,5.996572971343994,10473
132.63110724576833,49.167782972530944,120.0,41533.0,0.5222650766372681,0.5222650766372681,5.993788242340088,5.993788242340088,10504
159.62592175157295,49.167782972530944,90.00000000000003,41585.0,0.542181670665741,0.542181670665741,6.113452911376953,6.113452911376953,10739
173.1171770604392,49.16778297253094,59.99999999999999,41589.0,0.5562558174133301,0.5562558174133301,6.083621025085449,6.083621025085449,10824
145.94543835718176,49.16778297253094,30.00000000000003,41533.0,0.5459712743759155,0.5459712743759155,5.954288482666016,5.954288482666016,11047
57.36761238222336,52.02012755514801,0.0,41549.0,0.5414125919342041,0.5414125919342041,6.079102993011475,6.079102993011475,11209
74.33165072727259,52.02012755514801,30.0,41565.0,0.522781491279602,0.522781491279602,6.012887477874756,6.012887477874756,10949
97.06544950231827,52.02012755514801,60.0,41571.0,0.5200186371803284,0.5200186371803284,6.128860950469971,6.128860950469971,10648
122.31982868979846,52.020127555148015,90.0,41549.0,0.5258734226226807,0.5258734226226807,6.133164882659912,6.133164882659912,10278
148.7109016178021,52.020127555148,120.0,41565.0,0.5216346383094788,0.5216346383094788,5.8106465339660645,5.8106465339660645,10069
175.5764534476093,52.02012755514801,150.0,41571.0,0.535364031791687,0.535364031791687,5.744081020355225,5.744081020355225,10072
157.49741963039403,52.020127555148015,180.0,41549.0,0.5182865858078003,0.5182865858078003,5.49159574508667,5.49159574508667,9886
130.89569269702034,52.020127555148,149.99999999999997,41565.0,0.4799443781375885,0.4799443781375885,5.164207458496094,5.164207458496094,9737
105.1657534088542,52.020127555148,120.0,41571.0,0.4630271196365356,0.4630271196365356,5.16003942489624,5.16003942489624,9851
81.37136633060791,52.02012755514801,90.0,41549.0,0.4742411077022552,0.4742411077022552,5.422058582305908,5.422058582305908,10115
61.96945022708493,52.020127555148,59.99999999999999,41565.0,0.5049391388893127,0.5049391388893127,5.735621929168701,5.735621929168701,10694
52.23634129782285,52.02012755514801,30.00000000000003,41571.0,0.5430742502212524,0.5430742502212524,6.090693950653076,6.090693950653076,11147
164.5493281259279,54.76558201541883,0.0,41551.0,0.5351227521896362,0.5351227521896362,6.0722761154174805,6.0722761154174805,11397
168.82951518664575,54.76558201541883,30.0,41537.0,0.5017732977867126,0.5017732977867126,5.736781120300293,5.736781120300293,10932
142.3783125573133,54.76558201541882,60.0,41545.0,0.4736304879188537,0.4736304879188537,5.574160099029541,5.574160099029541,10763
116.58418594949887,54.76558201541882,90.0,41551.0,0.4788751304149627,0.4788751304149627,5.669669628143311,5.669669628143311,10838
92.27735774510067,54.76558201541882,120.0,41537.0,0.5028449296951294,0.5028449296951294,5.852808952331543,5.852808952331543,10882
71.21581753933881,54.765582015418815,150.0,41545.0,0.5181456208229065,0.5181456208229065,5.8520283699035645,5.8520283699035645,10929
57.26302609090143,54.76558201541883,180.0,41551.0,0.5513783097267151,0.5513783097267151,6.136916637420654,6.136916637420654,11233
56.0839109991222,54.76558201541882,150.0,41537.0,0.5679358839988708,0.5679358839988708,6.257271766662598,6.257271766662598,11346
68.34716940621708,54.76558201541882,120.0,41545.0,0.5678777694702148,0.5678777694702148,6.175208568572998,6.175208568572998,11247
88.59981794527158,54.76558201541882,90.00000000000003,41551.0,0.5561330914497375,0.5561330914497375,6.008756160736084,6.008756160736084,11118
112.54072385475968,54.76558201541883,60.0,41537.0,0.5472123622894287,0.5472123622894287,6.042795181274414,6.042795181274414,11277
138.1660795649972,54.76558201541883,30.00000000000003,41545.0,0.5433624982833862,0.5433624982833862,6.1486992835998535,6.1486992835998535,11434
81.08732678802359,57.42102960719589,0.0,41557.0,0.5477758646011353,0.5477758646011353,6.176268577575684,6.176268577575684,10997
64.14923036898873,57.42102960719588,30.0,41587.0,0.5611585378646851,0.5611585378646851,6.21575403213501,6.21575403213501,11382
57.4210987577444,57.42102960719589,60.0,41549.0,0.5469846725463867,0.5469846725463867,6.0698652267456055,6.0698652267456055,11331
64.22884079427966,57.42102960719589,90.0,41557.0,0.501581072807312,0.501581072807312,5.756338119506836,5.756338119506836,10633
81.21295526481266,57.42102960719588,120.0,41587.0,0.4734458923339844,0.4734458923339844,5.58746337890625,5.58746337890625,10104
103.4160312629622,57.42102960719589,150.0,41549.0,0.486631691455841,0.486631691455841,5.691936492919922,5.691936492919922,9846
128.05861956004932,57.42102960719589,180.0,41557.0,0.5070967078208923,0.5070967078208923,5.858616352081299,5.858616352081299,9880
153.84010132558126,57.42102960719591,149.99999999999997,41587.0,0.5149638056755066,0.5149638056755066,5.9307146072387695,5.9307146072387695,10027
179.91828573390185,57.42102960719589,120.0,41549.0,0.5134370923042297,0.5134370923042297,5.787810802459717,5.787810802459717,10131
153.6780100810792,57.42102960719589,90.0,41557.0,0.5110856294631958,0.5110856294631958,5.701364040374756,5.701364040374756,10286
127.90113589038612,57.42102960719588,59.99999999999993,41587.0,0.510082483291626,0.510082483291626,5.6899003982543945,5.6899003982543945,10325
103.26871878853798,57.42102960719589,30.000000000000057,41549.0,0.5179963707923889,0.5179963707923889,5.817373752593994,5.817373752593994,10505
95.10380411888508,59.99999999999999,0.0,41531.0,0.5076096653938293,0.5076096653938293,5.651477336883545,5.651477336883545,10946
118.47589926673037,60.00000000000001,30.0,41553.0,0.4924735128879547,0.4924735128879547,5.507475852966309,5.507475852966309,10719
143.49931388014429,59.99999999999999,60.0,41555.0,0.4869403541088104,0.4869403541088104,5.40097188949585,5.40097188949585,10343
169.26734856447294,59.99999999999999,90.0,41531.0,0.4898059666156769,0.4898059666156769,5.307901859283447,5.307901859283447,10096
164.77223119689629,59.99999999999999,120.0,41553.0,0.5009579658508301,0.5009579658508301,5.364338397979736,5.364338397979736,10080
139.0881269707114,60.00000000000001,150.0,41555.0,0.508850634098053,0.508850634098053,5.573938846588135,5.573938846588135,9981
114.27015581951346,59.99999999999999,180.0,41531.0,0.4889637529850006,0.4889637529850006,5.582228660583496,5.582228660583496,9947
91.3300086322853,59.99999999999999,149.99999999999997,41553.0,0.4703863561153412,0.4703863561153412,5.560729503631592,5.560729503631592,9866
72.31102525377568,59.99999999999999,120.0,41555.0,0.4597774446010589,0.4597774446010589,5.4169745445251465,5.4169745445251465,10273
61.15074455918057,59.99999999999999,90.0,41531.0,0.5055107474327087,0.5055107474327087,5.814403057098389,5.814403057098389,10750
62.296941426164175,59.99999999999999,60.0,41553.0,0.539118766784668,0.539118766784668,6.0360188484191895,6.0360188484191895,11238
75.18387913871548,59.99999999999999,30.000000000000057,41555.0,0.5418232083320618,0.5418232083320618,6.009157180786133,6.009157180786133,11300
150.11711580591617,62.51357374961872,0.0,41543.0,0.5582171678543091,0.5582171678543091,6.142183780670166,6.142183780670166,11722
125.2264985459851,62.513573749618736,30.0,41587.0,0.5327107906341553,0.5327107906341553,6.003721714019775,6.003721714019775,11517
101.78027633480806,62.51357374961871,60.0,41563.0,0.5190873742103577,0.5190873742103577,5.890981197357178,5.890981197357178,11340
81.31186471710939,62.51357374961872,90.0,41543.0,0.5430343151092529,0.5430343151092529,6.081794738769531,6.081794738769531,11387
66.81783507970285,62.51357374961871,120.0,41587.0,0.5344753265380859,0.5344753265380859,5.908626556396484,5.908626556396484,11169
62.700904558432455,62.513573749618736,150.0,41563.0,0.5348318219184875,0.5348318219184875,5.9243998527526855,5.9243998527526855,10737
70.81714235066823,62.51357374961872,180.0,41543.0,0.5316992998123169,0.5316992998123169,5.903662204742432,5.903662204742432,10621
87.80224617314629,62.513573749618736,149.99999999999997,41587.0,0.5361570715904236,0.5361570715904236,5.962646007537842,5.962646007537842,10519
109.53012690587862,62.51357374961871,120.0,41563.0,0.532941997051239,0.532941997051239,5.923900127410889,5.923900127410889,10511
133.59193957764575,62.51357374961872,90.00000000000001,41543.0,0.554685652256012,0.554685652256012,6.177022933959961,6.177022933959961,10706
158.7673091256713,62.51357374961872,60.0,41587.0,0.5728645920753479,0.5728645920753479,6.314568996429443,6.314568996429443,11123
175.63321820830444,62.51357374961872,30.00000000000003,41563.0,0.5829653739929199,0.5829653739929199,6.354329109191895,6.354329109191895,11509
65.34351659946549,64.9710005123849,0.0,41529.0,0.5498965382575989,0.5498965382575989,6.29446268081665,6.29446268081665,11146
68.38552391207762,64.97100051238492,30.0,41503.0,0.5405248999595642,0.5405248999595642,6.199726581573486,6.199726581573486,10955
81.74683329180748,64.9710005123849,60.0,41545.0,0.523757815361023,0.523757815361023,6.108713150024414,6.108713150024414,10690
101.3628230540824,64.9710005123849,90.0,41529.0,0.5131571888923645,0.5131571888923645,6.069478511810303,6.069478511810303,10162
124.20053864629496,64.9710005123849,120.0,41503.0,0.5013824105262756,0.5013824105262756,5.796134948730469,5.796134948730469,10000
148.63206401569812,64.97100051238492,150.0,41545.0,0.5401261448860168,0.5401261448860168,6.066143989562988,6.066143989562988,10081
173.77302693925617,64.9710005123849,180.0,41529.0,0.5384628772735596,0.5384628772735596,5.91733980178833,5.91733980178833,9760
160.95850282905258,64.97100051238492,149.99999999999997,41503.0,0.5021594762802124,0.5021594762802124,5.441990375518799,5.441990375518799,9647
136.0933308861574,64.9710005123849,119.99999999999996,41545.0,0.4979814887046814,0.4979814887046814,5.39993953704834,5.39993953704834,9779
112.32760234778613,64.9710005123849,90.0,41529.0,0.4922203421592712,0.4922203421592712,5.433160781860352,5.433160781860352,9942
90.84983778421768,64.9710005123849,59.99999999999993,41503.0,0.5046712160110474,0.5046712160110474,5.705376148223877,5.705376148223877,10265
73.92358399552097,64.9710005123849,30.00000000000003,41545.0,0.518051028251648,0.518051028251648,5.9151153564453125,5.9151153564453125,10634
138.9248043719666,67.38013505195958,0.0,41563.0,0.4967039823532104,0.4967039823532104,5.779967308044434,5.779967308044434,11032
163.4880716308193,67.38013505195958,30.0,41539.0,0.4692767262458801,0.4692767262458801,5.375568866729736,5.375568866729736,10497
171.57951472834696,67.38013505195958,60.0,41519.0,0.4511257708072662,0.4511257708072662,5.129584789276123,5.129584789276123,10217
146.83144382220075,67.38013505195957,90.0,41563.0,0.4649122655391693,0.4649122655391693,5.339941501617432,5.339941501617432,10419
122.89249297357962,67.38013505195958,120.0,41539.0,0.4948759973049164,0.4948759973049164,5.736876010894775,5.736876010894775,10490
100.71923090965632,67.38013505195958,150.0,41519.0,0.5043140649795532,0.5043140649795532,5.807042121887207,5.807042121887207,10593
82.0410664486201,67.38013505195958,180.0,41563.0,0.51935875415802,0.51935875415802,5.920677661895752,5.920677661895752,10700
69.91730959121865,67.38013505195958,149.99999999999997,41539.0,0.5312280654907227,0.5312280654907227,6.070998668670654,6.070998668670654,10959
68.04764676193986,67.38013505195958,120.0,41519.0,0.558555543422699,0.558555543422699,6.31544828414917,6.31544828414917,11283
77.19226900569619,67.38013505195957,90.00000000000001,41563.0,0.5486350059509277,0.5486350059509277,6.073142051696777,6.073142051696777,11255
94.14726157832582,67.38013505195958,60.0,41539.0,0.5376406908035278,0.5376406908035278,5.975232124328613,5.975232124328613,11252
115.4287402769244,67.38013505195958,30.00000000000003,41519.0,0.5247591733932495,0.5247591733932495,6.0083327293396,6.0083327293396,11457
110.77709078899412,69.74775325781236,0.0,41513.0,0.5593100190162659,0.5593100190162659,6.114346981048584,6.114346981048584,10880
90.84550054512891,69.74775325781236,30.0,41529.0,0.5631106495857239,0.5631106495857239,6.130582809448242,6.130582809448242,11294
76.02043402802154,69.74775325781238,60.0,41521.0,0.5444126129150391,0.5444126129150391,5.967637538909912,5.967637538909912,11223
69.78285135349873,69.74775325781236,90.0,41513.0,0.5242404937744141,0.5242404937744141,5.898043632507324,5.898043632507324,11019
74.37227190904159,69.74775325781236,120.0,41529.0,0.4872649013996124,0.4872649013996124,5.612554550170898,5.612554550170898,10376
88.0852638251668,69.74775325781236,150.0,41521.0,0.4819746315479278,0.4819746315479278,5.588540554046631,5.588540554046631,10110
107.40433574170596,69.74775325781236,180.0,41513.0,0.5031113624572754,0.5031113624572754,5.779815196990967,5.779815196990967,10100
129.72399063452986,69.74775325781236,149.99999999999997,41529.0,0.5269529819488525,0.5269529819488525,6.061385631561279,6.061385631561279,10068
153.56268420755967,69.74775325781236,120.0,41521.0,0.5173090100288391,0.5173090100288391,5.998595714569092,5.998595714569092,10271
178.05729889636075,69.74775325781236,90.0,41513.0,0.518428385257721,0.518428385257721,5.959124565124512,5.959124565124512,10177
157.40325715744314,69.74775325781236,59.99999999999999,41529.0,0.5218720436096191,0.5218720436096191,5.852895736694336,5.852895736694336,10388
133.41347615212243,69.74775325781236,30.000000000000057,41521.0,0.5481566190719604,0.5481566190719604,6.049595832824707,6.049595832824707,10529
83.39313829229553,72.07978686060771,0.0,41503.0,0.5171656608581543,0.5171656608581543,5.780756950378418,5.780756950378418,10886
100.28047938650208,72.07978686060773,30.0,41579.0,0.5031554102897644,0.5031554102897644,5.707508563995361,5.707508563995361,10686
121.12598837560412,72.07978686060771,60.0,41575.0,0.5188014507293701,0.5188014507293701,5.944087505340576,5.944087505340576,10326
144.0587460632346,72.07978686060771,90.0,41503.0,0.5224809050559998,0.5224809050559998,5.808349609375,5.808349609375,10170
167.99559830176705,72.07978686060773,120.0,41579.0,0.5206648707389832,0.5206648707389832,5.547032833099365,5.547032833099365,10165
167.7702627820849,72.07978686060771,150.0,41575.0,0.5282118320465088,0.5282118320465088,5.5648603439331055,5.5648603439331055,10147
143.8391621607895,72.07978686060773,180.0,41503.0,0.5178687572479248,0.5178687572479248,5.562222480773926,5.562222480773926,9943
120.91999694563636,72.07978686060773,149.99999999999997,41579.0,0.4876927137374878,0.4876927137374878,5.437975883483887,5.437975883483887,9832
100.10112336475288,72.07978686060771,120.0,41575.0,0.4531167149543762,0.4531167149543762,5.196784973144531,5.196784973144531,9805
83.26303082179257,72.07978686060771,90.0,41503.0,0.462123692035675,0.462123692035675,5.306210517883301,5.306210517883301,10098
73.3918946969954,72.07978686060771,59.99999999999999,41579.0,0.4881926476955414,0.4881926476955414,5.47804594039917,5.47804594039917,10605
73.44124764155441,72.07978686060773,30.000000000000057,41575.0,0.5202846527099609,0.5202846527099609,5.774036884307861,5.774036884307861,10819
177.8909837400484,74.38150172435147,0.0,41481.0,0.5540869832038879,0.5540869832038879,6.280759334564209,6.280759334564209,11884
154.1231413143563,74.38150172435145,30.0,41553.0,0.5066718459129333,0.5066718459129333,5.902337551116943,5.902337551116943,11368
131.0689760782241,74.38150172435147,60.0,41519.0,0.4921123683452606,0.4921123683452606,5.88151741027832,5.88151741027832,11121
109.63766669349316,74.38150172435147,90.0,41481.0,0.5006108283996582,0.5006108283996582,5.842437267303467,5.842437267303467,11095
91.31958793187675,74.38150172435147,120.0,41553.0,0.5120769143104553,0.5120769143104553,5.798019886016846,5.798019886016846,10952
78.5636800111795,74.38150172435147,150.0,41519.0,0.5198847055435181,0.5198847055435181,5.819487571716309,5.819487571716309,10732
74.42179709122205,74.38150172435147,180.0,41481.0,0.5277445912361145,0.5277445912361145,5.9291815757751465,5.9291815757751465,10795
80.27235863727188,74.38150172435145,149.99999999999997,41553.0,0.5337930917739868,0.5337930917739868,5.928977966308594,5.928977966308594,10731
94.2323976754646,74.38150172435147,120.00000000000004,41519.0,0.5459261536598206,0.5459261536598206,5.965045928955078,5.965045928955078,10703
113.24716647050772,74.38150172435147,90.0,41481.0,0.5680468082427979,0.5680468082427979,6.166158199310303,6.166158199310303,10895
135.0513408853283,74.38150172435147,59.99999999999999,41553.0,0.5674673318862915,0.5674673318862915,6.177698612213135,6.177698612213135,11404
158.28688754415245,74.38150172435147,30.00000000000003,41519.0,0.577246904373169,0.577246904373169,6.410117149353027,6.410117149353027,11898
84.95909763292653,76.65763620291176,0.0,41539.0,0.5255720615386963,0.5255720615386963,6.058985233306885,6.058985233306885,10702
77.1906552061516,76.65763620291177,30.0,41573.0,0.54776531457901,0.54776531457901,6.239590167999268,6.239590167999268,11198
78.86715551627093,76.65763620291177,60.0,41531.0,0.523663341999054,0.523663341999054,6.01502799987793,6.01502799987793,10868
89.44610355326886,76.65763620291177,90.0,41539.0,0.4876441061496734,0.4876441061496734,5.751453399658203,5.751453399658203,10200
106.22426767373022,76.65763620291176,120.0,41573.0,0.4767988920211792,0.4767988920211792,5.596735954284668,5.596735954284668,9888
126.63075751944,76.65763620291176,150.0,41531.0,0.507968544960022,0.507968544960022,5.79195499420166,5.79195499420166,9975
148.992252991528,76.65763620291176,180.0,41539.0,0.5168678760528564,0.5168678760528564,5.819421291351318,5.819421291351318,9906
172.28082703334005,76.65763620291176,149.99999999999997,41573.0,0.523218035697937,0.523218035697937,5.858815670013428,5.858815670013428,9801
164.2204732065374,76.65763620291179,120.0,41531.0,0.5179827213287354,0.5179827213287354,5.822699546813965,5.822699546813965,9929
141.15978186188786,76.65763620291177,90.0,41539.0,0.5103490352630615,0.5103490352630615,5.821883678436279,5.821883678436279,9981
119.32960278837916,76.65763620291179,59.99999999999993,41573.0,0.5059121251106262,0.5059121251106262,5.790988445281982,5.790988445281982,9934
99.93756955646916,76.65763620291176,30.00000000000003,41531.0,0.508478045463562,0.508478045463562,5.856435298919678,5.856435298919678,10226
118.90386729906986,78.91251078902938,0.0,41523.0,0.4979049563407898,0.4979049563407898,5.586802005767822,5.586802005767822,11101
140.18411631765267,78.91251078902938,30.0,41555.0,0.4686997532844543,0.4686997532844543,5.198648929595947,5.198648929595947,10572
162.79788897829135,78.91251078902938,60.0,41611.0,0.4589021503925323,0.4589021503925323,5.031131267547607,5.031131267547607,10194
174.0850689680412,78.91251078902938,90.0,41523.0,0.4746683239936828,0.4746683239936828,5.159674167633057,5.159674167633057,10119
151.1364910565709,78.91251078902938,120.0,41555.0,0.4858670234680176,0.4858670234680176,5.288087368011475,5.288087368011475,10135
129.0808289552128,78.91251078902938,150.0,41611.0,0.5121873617172241,0.5121873617172241,5.708302974700928,5.708302974700928,10079
108.92625012347162,78.91251078902937,180.0,41523.0,0.5102624297142029,0.5102624297142029,5.834675312042236,5.834675312042236,10021
92.26871879954368,78.91251078902938,149.99999999999997,41555.0,0.4880991280078888,0.4880991280078888,5.691742897033691,5.691742897033691,10122
81.51357050230948,78.91251078902938,120.0,41611.0,0.487466037273407,0.487466037273407,5.727383136749268,5.727383136749268,10370
79.22319222366818,78.91251078902938,90.00000000000001,41523.0,0.5199383497238159,0.5199383497238159,6.0160651206970215,6.0160651206970215,10866
86.09629306014305,78.91251078902938,60.0,41555.0,0.5418663024902344,0.5418663024902344,6.1430182456970215,6.1430182456970215,11234
100.21114612535632,78.91251078902938,30.000000000000057,41611.0,0.5341730713844299,0.5341730713844299,6.016676902770996,6.016676902770996,11423
138.81402026912392,81.15011690157097,0.0,41543.0,0.563521683216095,0.563521683216095,6.092787742614746,6.092787742614746,11394
118.14116222658426,81.15011690157098,30.0,41563.0,0.5628840923309326,0.5628840923309326,6.177812099456787,6.177812099456787,11482
100.2358787463754,81.15011690157097,60.0,41559.0,0.5410016775131226,0.5410016775131226,6.038178443908691,6.038178443908691,11407
87.10560758198214,81.15011690157097,90.0,41543.0,0.5404472947120667,0.5404472947120667,6.075107574462891,6.075107574462891,11280
81.26885457710253,81.15011690157097,120.0,41563.0,0.5070444345474243,0.5070444345474243,5.706140995025635,5.706140995025635,10736
84.31473951674937,81.15011690157098,150.0,41559.0,0.4966693818569183,0.4966693818569183,5.618875026702881,5.618875026702881,10439
95.36946785937452,81.15011690157097,180.0,41543.0,0.512214183807373,0.512214183807373,5.8115553855896,5.8115553855896,10279
111.99392926274255,81.15011690157097,149.99999999999997,41563.0,0.5116975903511047,0.5116975903511047,5.809348106384277,5.809348106384277,10016
131.94776589211045,81.15011690157097,120.0,41559.0,0.5143647789955139,0.5143647789955139,5.855258941650391,5.855258941650391,10079
153.72103575883696,81.15011690157097,90.0,41543.0,0.5285495519638062,0.5285495519638062,6.031277656555176,6.031277656555176,10166
176.33242572124,81.15011690157097,60.0,41563.0,0.5301851630210876,0.5301851630210876,5.898120403289795,5.898120403289795,10490
160.94710511493273,81.15011690157097,30.00000000000003,41559.0,0.553322970867157,0.553322970867157,6.009923934936523,6.009923934936523,11024
84.15796105831241,83.37419043517703,0.0,41517.0,0.5233486890792847,0.5233486890792847,6.009737968444824,6.009737968444824,10726
91.85155276139932,83.37419043517703,30.0,41525.0,0.5075796246528625,0.5075796246528625,5.860095977783203,5.860095977783203,10455
106.03740810158185,83.37419043517703,60.0,41525.0,0.531222403049469,0.531222403049469,6.131785392761231,6.131785392761231,10321
124.38220863051455,83.37419043517701,90.0,41517.0,0.5319996476173401,0.5319996476173401,6.063748359680176,6.063748359680176,10096
145.12072951517607,83.37419043517704,120.0,41525.0,0.5240458250045776,0.5240458250045776,5.767513275146484,5.767513275146484,9983
167.08645466543186,83.37419043517703,150.0,41525.0,0.5445505976676941,0.5445505976676941,5.844178676605225,5.844178676605225,10263
170.5403591429726,83.37419043517704,180.0,41517.0,0.5397288799285889,0.5397288799285889,5.734203815460205,5.734203815460205,9961
148.4633007141391,83.37419043517703,149.99999999999997,41525.0,0.5141703486442566,0.5141703486442566,5.5119404792785645,5.5119404792785645,9908
127.47032762664846,83.37419043517703,120.0,41525.0,0.4818396866321563,0.4818396866321563,5.2471418380737305,5.2471418380737305,9699
108.65715686696711,83.37419043517701,90.0,41517.0,0.4725655913352966,0.4725655913352966,5.239341735839844,5.239341735839844,9990
93.6841679885882,83.37419043517703,59.99999999999999,41525.0,0.4959439933300018,0.4959439933300018,5.543457508087158,5.543457508087158,10281
84.83104245817438,83.37419043517703,30.00000000000003,41525.0,0.5144922137260437,0.5144922137260437,5.794798851013184,5.794798851013184,10483
158.23815975141696,85.58827421422981,0.0,41523.0,0.5103234052658081,0.5103234052658081,5.982241153717041,5.982241153717041,11227
179.86326590425142,85.58827421422981,30.0,41535.0,0.4594891369342804,0.4594891369342804,5.396813869476318,5.396813869476318,10579
157.96911293747985,85.58827421422981,60.0,41547.0,0.456115186214447,0.456115186214447,5.401011943817139,5.401011943817139,10385
136.8236595703344,85.58827421422983,90.0,41523.0,0.4698465764522552,0.4698465764522552,5.478875637054443,5.478875637054443,10568
117.37338200410892,85.58827421422981,120.0,41535.0,0.4949036538600921,0.4949036538600921,5.659733295440674,5.659733295440674,10591
100.99904008584012,85.58827421422983,150.0,41547.0,0.4952449202537536,0.4952449202537536,5.593176364898682,5.593176364898682,10450
89.67593140780552,85.58827421422981,180.0,41523.0,0.5087976455688477,0.5087976455688477,5.7935943603515625,5.7935943603515625,10384
85.58843785423146,85.58827421422981,150.0,41535.0,0.5362206697463989,0.5362206697463989,6.1429548263549805,6.1429548263549805,10702
89.77626780611207,85.58827421422981,120.00000000000004,41547.0,0.5639358162879944,0.5639358162879944,6.346214771270752,6.346214771270752,11046
101.1761314106278,85.58827421422983,90.00000000000003,41523.0,0.5681625008583069,0.5681625008583069,6.262563705444336,6.262563705444336,11131
117.599586654,85.58827421422981,59.99999999999999,41535.0,0.5651341080665588,0.5651341080665588,6.265091896057129,6.265091896057129,11431
137.07824456571527,85.58827421422983,30.00000000000003,41547.0,0.5389329195022583,0.5389329195022583,6.1661057472229,6.1661057472229,11512
108.84183644494998,87.79577249602798,0.0,41467.0,0.5387992858886719,0.5387992858886719,6.037908554077148,6.037908554077148,10594
95.55297178205888,87.79577249602796,30.0,41597.0,0.5588921904563904,0.5588921904563904,6.21865701675415,6.21865701675415,11128
88.47967839994236,87.79577249602795,60.0,41513.0,0.5404959917068481,0.5404959917068481,6.087820529937744,6.087820529937744,10932
89.20366771914871,87.79577249602796,90.0,41467.0,0.4942485392093658,0.4942485392093658,5.741346836090088,5.741346836090088,10354
97.54361629472211,87.79577249602796,120.0,41597.0,0.4870222210884094,0.4870222210884094,5.720278263092041,5.720278263092041,10083
111.72209742341428,87.79577249602796,150.0,41513.0,0.4795731902122497,0.4795731902122497,5.534074306488037,5.534074306488037,9968
129.686135931951,87.79577249602796,180.0,41467.0,0.5070316195487976,0.5070316195487976,5.771774768829346,5.771774768829346,9945
149.85673495995772,87.79577249602796,149.99999999999997,41597.0,0.5230122804641724,0.5230122804641724,5.942763328552246,5.942763328552246,10022
171.14086764345552,87.79577249602796,120.0,41513.0,0.5223183631896973,0.5223183631896973,6.0224223136901855,6.0224223136901855,10010
167.27450819410657,87.79577249602796,90.0,41467.0,0.5096321105957031,0.5096321105957031,5.993904113769531,5.993904113769531,9903
146.12520595432977,87.79577249602796,60.0,41597.0,0.5103034973144531,0.5103034973144531,5.909282207489014,5.909282207489014,9804
126.2587920580273,87.79577249602796,30.000000000000057,41513.0,0.5129942297935486,0.5129942297935486,5.806920528411865,5.806920528411865,10076
106.8752429849533,90.0,0.0,42385.0,0.4815785586833954,0.4815785586833954,5.5548930168151855,5.5548930168151855,10727
123.04738850758872,90.0,30.0,41593.0,0.4930416643619537,0.4930416643619537,5.375069618225098,5.375069618225098,10572
142.0203582039608,90.0,60.0,41593.0,0.4984882771968841,0.4984882771968841,5.478769779205322,5.478769779205322,10306
162.53406520302983,89.99999999999999,90.0,42385.0,0.4644529223442077,0.4644529223442077,5.316719055175781,5.316719055175781,9989
176.32235764767117,90.0,120.0,41593.0,0.5200459957122803,0.5200459957122803,5.50179386138916,5.50179386138916,10055
155.307527084257,90.0,150.0,41593.0,0.5126693248748779,0.5126693248748779,5.490283489227295,5.490283489227295,9994
135.21142786741362,90.0,180.0,42385.0,0.4756593704223633,0.4756593704223633,5.630456447601318,5.630456447601318,9724
117.0435425779522,90.0,149.99999999999997,41593.0,0.4803834855556488,0.4803834855556488,5.492739677429199,5.492739677429199,9751
102.22613066336692,90.0,120.0,41593.0,0.4679030179977417,0.4679030179977417,5.44565486907959,5.44565486907959,9872
92.6425261712828,89.99999999999999,90.0,42385.0,0.4557512700557709,0.4557512700557709,5.627624988555908,5.627624988555908,10261
90.11798792176148,90.0,59.99999999999999,41593.0,0.4915704429149627,0.4915704429149627,5.491148471832275,5.491148471832275,10566
95.24627824620768,89.99999999999999,30.000000000000057,41593.0,0.5071361064910889,0.5071361064910889,5.52220344543457,5.52220344543457,10914
164.3075740807897,92.20422750397208,0.0,41537.0,0.5665789246559143,0.5665789246559143,6.358973026275635,6.358973026275635,11793
144.1455029485658,92.20422750397206,30.0,41545.0,0.5265392661094666,0.5265392661094666,6.07009744644165,6.07009744644165,11521
125.46738093741412,92.20422750397206,60.0,41609.0,0.5218687653541565,0.5218687653541565,6.136020183563232,6.136020183563232,11487
109.48891495946836,92.20422750397206,90.0,41537.0,0.523347020149231,0.523347020149231,6.014407634735107,6.014407634735107,11198
97.85940025300457,92.20422750397206,120.0,41545.0,0.5081695318222046,0.5081695318222046,5.661145210266113,5.661145210266113,10801
92.42709785618676,92.20422750397208,150.0,41609.0,0.5125311613082886,0.5125311613082886,5.704491138458252,5.704491138458252,10580
94.34339902908069,92.20422750397208,180.0,41537.0,0.5178838968276978,0.5178838968276978,5.849690914154053,5.849690914154053,10317
103.1766727272335,92.20422750397206,150.0,41545.0,0.517341136932373,0.517341136932373,5.820158958435059,5.820158958435059,10132
117.27244617167176,92.20422750397206,120.00000000000004,41609.0,0.516441822052002,0.516441822052002,5.773120403289795,5.773120403289795,10041
134.81638177733345,92.20422750397206,90.0,41537.0,0.5346940755844116,0.5346940755844116,5.946266174316406,5.946266174316406,10222
154.3849371049452,92.20422750397208,59.99999999999997,41545.0,0.5430907607078552,0.5430907607078552,5.910738468170166,5.910738468170166,10922
174.9468092580481,92.20422750397206,30.000000000000057,41609.0,0.5690048933029175,0.5690048933029175,6.214478969573975,6.214478969573975,11387
95.97885541801077,94.41172578577016,0.0,41523.0,0.5157044529914856,0.5157044529914856,6.057875156402588,6.057875156402588,10372
94.8324523629362,94.41172578577016,30.0,41539.0,0.523374617099762,0.523374617099762,6.067762851715088,6.067762851715088,10503
100.7212330577841,94.41172578577016,60.0,41571.0,0.5172765851020813,0.5172765851020813,5.96195650100708,5.96195650100708,10335
112.47329589593824,94.41172578577016,90.0,41523.0,0.4952037632465362,0.4952037632465362,5.706697463989258,5.706697463989258,9978
128.34029885841534,94.41172578577016,120.0,41539.0,0.5038928985595703,0.5038928985595703,5.706018924713135,5.706018924713135,9955
146.76943470081466,94.41172578577016,150.0,41571.0,0.5357474684715271,0.5357474684715271,5.925614356994629,5.925614356994629,10067
166.59648071219596,94.41172578577016,180.0,41523.0,0.5434550642967224,0.5434550642967224,5.931501388549805,5.931501388549805,9959
173.0636067505481,94.41172578577016,149.99999999999997,41539.0,0.5383257865905762,0.5383257865905762,5.885007858276367,5.885007858276367,9787
152.98559182625905,94.41172578577016,120.0,41571.0,0.5089512467384338,0.5089512467384338,5.604119300842285,5.604119300842285,9730
134.0009488343322,94.41172578577016,90.0,41523.0,0.4972609281539917,0.4972609281539917,5.590210914611816,5.590210914611816,10021
117.1674278489134,94.41172578577016,59.99999999999999,41539.0,0.4905841648578644,0.4905841648578644,5.601291656494141,5.601291656494141,9864
103.91315958184184,94.41172578577016,30.00000000000003,41571.0,0.5119822025299072,0.5119822025299072,5.959395408630371,5.959395408630371,10117
139.77084174699385,96.625809564823,0.0,41587.0,0.5016530752182007,0.5016530752182007,5.82427453994751,5.82427453994751,11141
158.69536805422956,96.625809564823,30.0,41555.0,0.4563019573688507,0.4563019573688507,5.164606094360352,5.164606094360352,10386
178.4871436957229,96.625809564823,60.0,41541.0,0.4629765748977661,0.4629765748977661,5.172218322753906,5.172218322753906,10075
161.66225201289785,96.625809564823,90.0,41587.0,0.4636141359806061,0.4636141359806061,5.097712993621826,5.097712993621826,10240
142.54924616404148,96.625809564823,120.0,41555.0,0.4988919198513031,0.4988919198513031,5.495959758758545,5.495959758758545,10237
125.11706148115822,96.625809564823,150.0,41541.0,0.5031557083129883,0.5031557083129883,5.597731590270996,5.597731590270996,10117
110.60462234008529,96.625809564823,180.0,41587.0,0.5170983672142029,0.5170983672142029,5.879117965698242,5.879117965698242,10057
100.58667546021448,96.625809564823,149.99999999999997,41555.0,0.509307861328125,0.509307861328125,5.911214351654053,5.911214351654053,10242
96.64591607926454,96.625809564823,120.0,41541.0,0.5264891386032104,0.5264891386032104,6.135043621063232,6.135043621063232,10577
99.56498869567773,96.625809564823,90.0,41587.0,0.5250356793403625,0.5250356793403625,6.034615993499756,6.034615993499756,10732
108.75416702421064,96.625809564823,59.99999999999999,41555.0,0.5375248193740845,0.5375248193740845,6.188502788543701,6.188502788543701,11340
122.69288116436056,96.625809564823,30.000000000000057,41541.0,0.5276912450790405,0.5276912450790405,6.150053024291992,6.150053024291992,11515
133.21683247119853,98.84988309842905,0.0,41571.0,0.5637855529785156,0.5637855529785156,6.092012405395508,6.092012405395508,10897
117.75956882675408,98.84988309842905,30.0,41551.0,0.5674750804901123,0.5674750804901123,6.168549060821533,6.168549060821533,11244
106.0543355662158,98.84988309842905,60.0,41571.0,0.5370266437530518,0.5370266437530518,6.008554935455322,6.008554935455322,11030
99.66111559457664,98.84988309842905,90.0,41571.0,0.5207334756851196,0.5207334756851196,5.979801654815674,5.979801654815674,10766
99.71286326836253,98.84988309842905,120.0,41551.0,0.4914290308952331,0.4914290308952331,5.680505752563477,5.680505752563477,10356
106.1994057306493,98.84988309842905,150.0,41571.0,0.4880184531211853,0.4880184531211853,5.610414505004883,5.610414505004883,10277
117.9749130672965,98.84988309842906,180.0,41571.0,0.5073513388633728,0.5073513388633728,5.79191780090332,5.79191780090332,10236
133.47861898103685,98.84988309842905,149.99999999999997,41551.0,0.5010913014411926,0.5010913014411926,5.713969230651856,5.713969230651856,9968
151.31804027528378,98.84988309842905,120.0,41571.0,0.5030163526535034,0.5030163526535034,5.809258460998535,5.809258460998535,9809
170.41022105553887,98.84988309842905,90.0,41571.0,0.4933200180530548,0.4933200180530548,5.761516571044922,5.761516571044922,9597
170.10872023499584,98.84988309842905,59.99999999999999,41551.0,0.4931580424308777,0.4931580424308777,5.61722469329834,5.61722469329834,9767
151.02900338897044,98.84988309842906,30.00000000000003,41571.0,0.5187793970108032,0.5187793970108032,5.702714443206787,5.702714443206787,10292
104.8605863219682,101.08748921097062,0.0,41649.0,0.5125019550323486,0.5125019550323486,5.694406509399414,5.694406509399414,10636
114.27928779571224,101.08748921097065,30.0,41553.0,0.5131587982177734,0.5131587982177734,5.806336402893066,5.806336402893066,10468
127.98564686042448,101.08748921097062,60.0,41553.0,0.5136673450469971,0.5136673450469971,5.765631675720215,5.765631675720215,10166
144.54477641284493,101.08748921097065,90.0,41649.0,0.5240153670310974,0.5240153670310974,5.692648410797119,5.692648410797119,9989
162.7751335006999,101.08748921097062,120.0,41553.0,0.5119960904121399,0.5119960904121399,5.43675422668457,5.43675422668457,9989
178.25842372492082,101.08748921097062,150.0,41553.0,0.5324162840843201,0.5324162840843201,5.669861316680908,5.669861316680908,10105
159.36423511404917,101.08748921097062,180.0,41649.0,0.5541151165962219,0.5541151165962219,5.936916351318359,5.936916351318359,10133
141.36349586983658,101.08748921097062,149.99999999999997,41553.0,0.5178172588348389,0.5178172588348389,5.609838962554932,5.609838962554932,9937
125.22884596789324,101.08748921097062,120.0,41553.0,0.4879108667373657,0.4879108667373657,5.401503086090088,5.401503086090088,9914
112.19367685157886,101.08748921097065,90.0,41649.0,0.4790293872356415,0.4790293872356415,5.339635372161865,5.339635372161865,10115
103.71884943950684,101.08748921097062,59.99999999999999,41553.0,0.4891847372055053,0.4891847372055053,5.357827186584473,5.357827186584473,10396
101.11446050818256,101.08748921097062,30.000000000000057,41553.0,0.5084414482116699,0.5084414482116699,5.553468704223633,5.553468704223633,10584
173.95684101760867,103.34236379708824,0.0,41537.0,0.5372785925865173,0.5372785925865173,6.278085708618164,6.278085708618164,11649
167.48281329630834,103.34236379708824,30.0,41553.0,0.4981119036674499,0.4981119036674499,5.934473991394043,5.934473991394043,11082
149.4663231378232,103.34236379708824,60.0,41553.0,0.4815845191478729,0.4815845191478729,5.739661693572998,5.739661693572998,10871
132.885018044967,103.34236379708824,90.0,41537.0,0.4838800430297851,0.4838800430297851,5.533658027648926,5.533658027648926,10749
118.83392377433113,103.34236379708824,120.0,41553.0,0.4958039820194244,0.4958039820194244,5.504083156585693,5.504083156585693,10748
108.64374750911156,103.34236379708824,150.0,41553.0,0.5093094706535339,0.5093094706535339,5.689647197723389,5.689647197723389,10564
103.66981977745156,103.34236379708824,180.0,41537.0,0.5031247735023499,0.5031247735023499,5.731612682342529,5.731612682342529,10164
104.74622257651993,103.34236379708824,150.0,41553.0,0.5040648579597473,0.5040648579597473,5.777629852294922,5.777629852294922,10162
111.6809945204004,103.34236379708824,120.0,41553.0,0.5329602360725403,0.5329602360725403,6.035455226898193,6.035455226898193,10320
123.3834749764001,103.34236379708824,90.00000000000003,41537.0,0.5609758496284485,0.5609758496284485,6.193022727966309,6.193022727966309,10754
138.46033297662976,103.34236379708824,59.99999999999999,41553.0,0.5716316103935242,0.5716316103935242,6.267125606536865,6.267125606536865,11222
155.6559123873537,103.34236379708824,30.00000000000003,41553.0,0.5537586808204651,0.5537586808204651,6.243994235992432,6.243994235992432,11517
114.26071017229972,105.61849827564852,0.0,41541.0,0.5082362294197083,0.5082362294197083,5.889353275299072,5.889353275299072,10190
107.24283360151432,105.61849827564852,30.0,41519.0,0.5367736220359802,0.5367736220359802,6.169651031494141,6.169651031494141,10577
105.81746714975417,105.61849827564852,60.0,41519.0,0.5286824107170105,0.5286824107170105,6.1041693687438965,6.1041693687438965,10521
110.22659851335712,105.61849827564852,90.0,41541.0,0.496909350156784,0.496909350156784,5.759316921234131,5.759316921234131,10067
119.75548934161527,105.61849827564852,120.0,41519.0,0.4919163882732391,0.4919163882732391,5.673048496246338,5.673048496246338,9989
133.15128820294314,105.61849827564852,150.0,41519.0,0.5125300884246826,0.5125300884246826,5.785888195037842,5.785888195037842,10002
149.13087241346176,105.61849827564852,180.0,41541.0,0.5251412391662598,0.5251412391662598,5.822263717651367,5.822263717651367,9991
166.60810414747328,105.61849827564852,149.99999999999997,41519.0,0.5285484790802002,0.5285484790802002,5.829308986663818,5.829308986663818,9890
175.31387049839776,105.6184982756485,120.0,41519.0,0.5207272171974182,0.5207272171974182,5.879476070404053,5.879476070404053,9948
157.4427851894444,105.61849827564852,90.0,41541.0,0.4956492781639099,0.4956492781639099,5.781623363494873,5.781623363494873,9910
140.6178326159558,105.61849827564852,59.99999999999999,41519.0,0.4863321483135223,0.4863321483135223,5.72705602645874,5.72705602645874,9598
125.82444552446694,105.61849827564852,30.00000000000003,41519.0,0.4917515814304352,0.4917515814304352,5.7442803382873535,5.7442803382873535,9720
128.70170880044964,107.92021313939227,0.0,41547.0,0.4974688589572906,0.4974688589572906,5.389606952667236,5.389606952667236,10817
143.28133707694903,107.92021313939227,30.0,41571.0,0.47247114777565,0.47247114777565,5.041872024536133,5.041872024536133,10490
159.76974002959562,107.92021313939227,60.0,41555.0,0.4840736985206604,0.4840736985206604,5.178004264831543,5.178004264831543,10277
177.21408760070614,107.92021313939227,90.0,41547.0,0.5024489164352417,0.5024489164352417,5.3718695640563965,5.3718695640563965,10093
165.2151164137287,107.92021313939227,120.0,41571.0,0.4980542361736297,0.4980542361736297,5.280799865722656,5.280799865722656,9984
148.32969501057175,107.92021313939227,150.0,41555.0,0.5090045928955078,0.5090045928955078,5.513637065887451,5.513637065887451,9839
133.03354081527567,107.92021313939227,179.99999999999997,41547.0,0.4996718466281891,0.4996718466281891,5.624122619628906,5.624122619628906,9729
120.4051554104842,107.92021313939227,149.99999999999997,41571.0,0.4788967967033386,0.4788967967033386,5.4989213943481445,5.4989213943481445,9819
111.67749512876968,107.92021313939227,120.0,41555.0,0.4874280095100403,0.4874280095100403,5.657474994659424,5.657474994659424,10012
107.9913970295538,107.92021313939227,90.0,41547.0,0.5056425333023071,0.5056425333023071,5.908368110656738,5.908368110656738,10479
109.92571684142072,107.92021313939227,59.99999999999999,41571.0,0.5040700435638428,0.5040700435638428,5.789156913757324,5.789156913757324,10833
117.16850628202788,107.92021313939227,30.00000000000003,41555.0,0.5156317949295044,0.5156317949295044,5.751914024353027,5.751914024353027,11064
155.9316601765167,110.25224674218764,0.0,41569.0,0.5600425004959106,0.5600425004959106,6.117840766906738,6.117840766906738,11115
140.34533395469794,110.25224674218764,30.0,41575.0,0.5328691601753235,0.5328691601753235,5.999833106994629,5.999833106994629,11285
126.9275623226252,110.25224674218764,60.0,41601.0,0.5271209478378296,0.5271209478378296,6.132453441619873,6.132453441619873,11268
116.81236850261364,110.25224674218764,90.0,41569.0,0.5171999335289001,0.5171999335289001,5.94066858291626,5.94066858291626,11004
111.1506925209826,110.25224674218764,120.0,41575.0,0.5125744938850403,0.5125744938850403,5.782784461975098,5.782784461975098,10637
110.74702073547002,110.25224674218764,150.0,41601.0,0.5138444304466248,0.5138444304466248,5.770191669464111,5.770191669464111,10454
115.66408516239171,110.25224674218764,180.0,41569.0,0.5131421685218811,0.5131421685218811,5.77295446395874,5.77295446395874,10209
125.18715596882586,110.25224674218764,149.99999999999997,41575.0,0.4976252615451813,0.4976252615451813,5.619419097900391,5.619419097900391,9794
138.1890840940228,110.25224674218764,120.0,41601.0,0.4908608496189117,0.4908608496189117,5.608479022979736,5.608479022979736,9539
153.5191741494051,110.25224674218764,90.00000000000003,41569.0,0.498761922121048,0.498761922121048,5.697479248046875,5.697479248046875,9639
170.17439909570322,110.25224674218764,59.99999999999999,41575.0,0.5134643912315369,0.5134643912315369,5.71187162399292,5.71187162399292,10162
172.7076656411679,110.25224674218764,30.000000000000057,41601.0,0.5437199473381042,0.5437199473381042,5.90804386138916,5.90804386138916,10759
112.62009219980688,112.61986494804044,0.0,42291.0,0.4915032982826233,0.4915032982826233,5.91107702255249,5.91107702255249,10040
115.25147426904496,112.61986494804044,30.0,41527.0,0.5061138868331909,0.5061138868331909,5.810985088348389,5.810985088348389,10207
122.66752577397752,112.61986494804044,60.0,41539.0,0.5114045143127441,0.5114045143127441,5.7197747230529785,5.7197747230529785,10020
133.9323619086111,112.61986494804044,90.0,42291.0,0.4987388551235199,0.4987388551235199,5.735980033874512,5.735980033874512,9706
147.93559906910397,112.61986494804044,120.0,41527.0,0.516102135181427,0.516102135181427,5.662497043609619,5.662497043609619,10090
163.6427521125753,112.61986494804044,150.0,41539.0,0.565975546836853,0.565975546836853,6.157284736633301,6.157284736633301,10209
179.8449581835708,112.61986494804044,180.0,42291.0,0.54291832447052,0.54291832447052,6.0332794189453125,6.0332794189453125,10047
163.34009903759718,112.61986494804044,149.99999999999997,41527.0,0.539047122001648,0.539047122001648,5.808240413665772,5.808240413665772,9911
147.6560935275709,112.61986494804044,120.0,41539.0,0.5112820267677307,0.5112820267677307,5.577172756195068,5.577172756195068,9880
133.6939988591693,112.61986494804044,90.0,42291.0,0.478183776140213,0.478183776140213,5.443194389343262,5.443194389343262,9873
122.4907510834084,112.61986494804046,59.99999999999999,41527.0,0.4995301365852356,0.4995301365852356,5.534923076629639,5.534923076629639,10163
115.1564237915736,112.61986494804046,30.00000000000003,41539.0,0.5211901068687439,0.5211901068687439,5.935276031494141,5.935276031494141,10204
157.69687764329447,115.0289994876151,0.0,41523.0,0.4988690912723541,0.4988690912723541,5.901284217834473,5.901284217834473,11149
173.44955507392444,115.0289994876151,30.0,41569.0,0.4636639654636383,0.4636639654636383,5.374271869659424,5.374271869659424,10444
170.47405291303608,115.02899948761512,60.0,41583.0,0.4502952694892883,0.4502952694892883,5.080130577087402,5.080130577087402,10203
154.87066459333823,115.0289994876151,90.0,41523.0,0.4731619656085968,0.4731619656085968,5.207302093505859,5.207302093505859,10488
140.5843507144907,115.0289994876151,120.0,41569.0,0.5029317736625671,0.5029317736625671,5.502982139587402,5.502982139587402,10550
128.56617774478164,115.0289994876151,150.0,41583.0,0.5115297436714172,0.5115297436714172,5.685310363769531,5.685310363769531,10213
119.86036167881036,115.0289994876151,180.0,41523.0,0.5022099018096924,0.5022099018096924,5.718737602233887,5.718737602233887,9989
115.44250267789424,115.0289994876151,149.99999999999997,41569.0,0.510635256767273,0.510635256767273,5.932490348815918,5.932490348815918,10172
115.90410052383456,115.0289994876151,120.00000000000004,41583.0,0.5328633189201355,0.5328633189201355,6.140113830566406,6.140113830566406,10344
121.17980131711722,115.0289994876151,90.00000000000003,41523.0,0.5429876446723938,0.5429876446723938,6.146398544311523,6.146398544311523,10717
130.5805734438958,115.0289994876151,59.99999999999997,41569.0,0.5368563532829285,0.5368563532829285,6.137139320373535,6.137139320373535,11092
143.09753003042408,115.0289994876151,30.000000000000057,41583.0,0.5116433501243591,0.5116433501243591,6.003828048706055,6.003828048706055,11279
134.90419753232925,117.48642625038129,0.0,41551.0,0.532719612121582,0.532719612121582,5.95292854309082,5.95292854309082,10433
125.11442565643706,117.48642625038129,30.0,41603.0,0.5381116271018982,0.5381116271018982,5.972161293029785,5.972161293029785,10723
119.08985289166158,117.48642625038129,60.0,41577.0,0.5282358527183533,0.5282358527183533,5.942704677581787,5.942704677581787,10667
117.56065368863275,117.48642625038129,90.0,41551.0,0.50826096534729,0.50826096534729,5.846527576446533,5.846527576446533,10369
120.73222166334548,117.48642625038129,120.0,41603.0,0.4986070096492767,0.4986070096492767,5.775695323944092,5.775695323944092,10289
128.188114058354,117.48642625038129,150.0,41577.0,0.5010935664176941,0.5010935664176941,5.713164806365967,5.713164806365967,10100
139.07913609606382,117.48642625038129,180.0,41551.0,0.5169398188591003,0.5169398188591003,5.798020839691162,5.798020839691162,10062
152.41529676419495,117.48642625038129,149.99999999999997,41603.0,0.5046984553337097,0.5046984553337097,5.6537275314331055,5.6537275314331055,10017
167.2540281703653,117.48642625038129,120.0,41577.0,0.5064958930015564,0.5064958930015564,5.774197101593018,5.774197101593018,9989
177.25325640942825,117.48642625038129,90.0,41551.0,0.4789038300514221,0.4789038300514221,5.563035011291504,5.563035011291504,9439
161.89932393653137,117.48642625038129,59.99999999999999,41603.0,0.4730052947998047,0.4730052947998047,5.486730098724365,5.486730098724365,9324
147.48951473437677,117.48642625038129,30.000000000000057,41577.0,0.5003939867019653,0.5003939867019653,5.69376802444458,5.69376802444458,9794
126.7882908376445,120.0,0.0,41557.0,0.5126051306724548,0.5126051306724548,5.465685844421387,5.465685844421387,10610
135.94550748691722,120.0,30.0,41565.0,0.5079955458641052,0.5079955458641052,5.477356433868408,5.477356433868408,10625
147.87501902386907,119.99999999999996,60.0,41563.0,0.5198495984077454,0.5198495984077454,5.641484260559082,5.641484260559082,10199
161.64795346570028,120.0,90.0,41557.0,0.5174349546432495,0.5174349546432495,5.489343643188477,5.489343643188477,9926
176.40317387147942,120.0,120.0,41565.0,0.5229660868644714,0.5229660868644714,5.529131889343262,5.529131889343262,9725
168.65517368482014,120.0,150.0,41563.0,0.5053849816322327,0.5053849816322327,5.475218772888184,5.475218772888184,9752
154.30832927041567,120.0,180.0,41557.0,0.5169863104820251,0.5169863104820251,5.716314315795898,5.716314315795898,10022
141.3817025590669,120.0,149.99999999999997,41565.0,0.5109764933586121,0.5109764933586121,5.641964912414551,5.641964912414551,9990
130.7764836072017,120.0,120.0,41563.0,0.5011435151100159,0.5011435151100159,5.6084160804748535,5.6084160804748535,10105
123.42604216712952,120.0,90.0,41557.0,0.4892515838146209,0.4892515838146209,5.521169662475586,5.521169662475586,10192
120.130406371989,120.0,59.99999999999999,41565.0,0.4941215813159942,0.4941215813159942,5.433923721313477,5.433923721313477,10468
121.30132980693998,120.0,30.000000000000057,41563.0,0.5036693811416626,0.5036693811416626,5.372386932373047,5.372386932373047,10582
175.05210932783478,122.57897039280414,0.0,41537.0,0.535524308681488,0.535524308681488,6.123100757598877,6.123100757598877,11159
160.9446522194787,122.57897039280412,30.0,41553.0,0.5059648156166077,0.5059648156166077,5.95752477645874,5.95752477645874,11219
147.88490928895533,122.57897039280414,60.0,41571.0,0.4990958571434021,0.4990958571434021,5.866730213165283,5.866730213165283,10953
136.7128762641268,122.57897039280417,90.0,41537.0,0.5008103251457214,0.5008103251457214,5.657779693603516,5.657779693603516,10788
128.31169085038334,122.57897039280414,120.0,41553.0,0.5058878660202026,0.5058878660202026,5.547226428985596,5.547226428985596,10708
123.501169031204,122.57897039280414,150.0,41571.0,0.5173903703689575,0.5173903703689575,5.668447017669678,5.668447017669678,10446
122.83270910931208,122.57897039280414,180.0,41537.0,0.5088089108467102,0.5088089108467102,5.686323165893555,5.686323165893555,10047
126.38854135366122,122.57897039280414,149.99999999999997,41553.0,0.4896849989891052,0.4896849989891052,5.5738525390625,5.5738525390625,9809
133.747347047349,122.57897039280414,120.0,41571.0,0.4950682520866394,0.4950682520866394,5.6906514167785645,5.6906514167785645,9836
144.14820335450167,122.57897039280417,90.00000000000001,41537.0,0.5181390047073364,0.5181390047073364,5.845928192138672,5.845928192138672,10174
156.71101262093245,122.57897039280414,60.0,41553.0,0.5457477569580078,0.5457477569580078,5.992865085601807,5.992865085601807,10541
170.5773570497186,122.57897039280412,30.00000000000003,41571.0,0.5518490076065063,0.5518490076065063,6.091597080230713,6.091597080230713,10995
127.54780046866335,125.23441798458116,0.0,41585.0,0.4882830679416656,0.4882830679416656,5.697341442108154,5.697341442108154,9929
125.24517465361572,125.23441798458116,30.0,41507.0,0.5180093050003052,0.5180093050003052,5.995981216430664,5.995981216430664,10128
126.96809453877552,125.23441798458116,60.0,41537.0,0.5148200392723083,0.5148200392723083,5.892668724060059,5.892668724060059,9979
132.51591469321752,125.23441798458116,90.0,41585.0,0.5011622309684753,0.5011622309684753,5.679397106170654,5.679397106170654,9902
141.29800638824764,125.23441798458116,120.0,41507.0,0.5171166062355042,0.5171166062355042,5.78678560256958,5.78678560256958,10019
152.52101039809716,125.23441798458116,150.0,41537.0,0.5419296622276306,0.5419296622276306,5.951395511627197,5.951395511627197,10173
165.35252718890231,125.23441798458116,180.0,41585.0,0.5451233983039856,0.5451233983039856,5.923819541931152,5.923819541931152,10074
178.99662372210878,125.23441798458116,149.99999999999997,41507.0,0.5265446901321411,0.5265446901321411,5.68712043762207,5.68712043762207,9841
167.30477736881258,125.23441798458116,120.0,41537.0,0.5028635859489441,0.5028635859489441,5.46552848815918,5.46552848815918,9956
154.30675027670975,125.23441798458116,90.0,41585.0,0.493562638759613,0.493562638759613,5.533422470092773,5.533422470092773,9939
142.798531844997,125.23441798458116,59.99999999999999,41507.0,0.4968236684799194,0.4968236684799194,5.747244358062744,5.747244358062744,9891
133.6097669416812,125.23441798458116,30.00000000000003,41537.0,0.5126599073410034,0.5126599073410034,6.034277439117432,6.034277439117432,9803
149.15098960127932,127.979872444852,0.0,41563.0,0.4916019439697265,0.4916019439697265,5.484742641448975,5.484742641448975,10669
160.81215137284084,127.979872444852,30.0,41523.0,0.4637376666069031,0.4637376666069031,4.985839366912842,4.985839366912842,10440
173.57927777788433,127.979872444852,60.0,41555.0,0.4835242927074432,0.4835242927074432,5.138506889343262,5.138506889343262,10415
173.2952592659869,127.979872444852,90.0,41563.0,0.5215157866477966,0.5215157866477966,5.520878314971924,5.520878314971924,10388
160.54412100710027,127.979872444852,120.0,41523.0,0.5285107493400574,0.5285107493400574,5.6579270362854,5.6579270362854,10056
148.9155461462685,127.979872444852,150.0,41555.0,0.5157886743545532,0.5157886743545532,5.645104885101318,5.645104885101318,9875
139.18842460408945,127.979872444852,180.0,41563.0,0.5080499649047852,0.5080499649047852,5.76253080368042,5.76253080368042,9668
132.13954159934897,127.979872444852,149.99999999999997,41523.0,0.5002573728561401,0.5002573728561401,5.775658130645752,5.775658130645752,9772
128.43724419706476,127.979872444852,120.0,41555.0,0.5132635831832886,0.5132635831832886,5.884290218353272,5.884290218353272,10092
128.47869763726283,127.979872444852,90.00000000000003,41563.0,0.5185720920562744,0.5185720920562744,5.9615325927734375,5.9615325927734375,10496
132.25925401588086,127.979872444852,60.0,41523.0,0.516622006893158,0.516622006893158,6.044631004333496,6.044631004333496,10940
139.37413141121485,127.979872444852,30.000000000000057,41555.0,0.4981477856636047,0.4981477856636047,5.794374942779541,5.794374942779541,10956
154.95088926187483,130.83221702746908,0.0,41595.0,0.5401791334152222,0.5401791334152222,5.902347564697266,5.902347564697266,10500
144.92157369501686,130.83221702746908,30.0,41599.0,0.5377148389816284,0.5377148389816284,5.967854022979736,5.967854022979736,10708
137.14522176401846,130.83221702746906,60.0,41553.0,0.5213015675544739,0.5213015675544739,5.9754157066345215,5.9754157066345215,10802
132.29429848236242,130.83221702746908,90.0,41595.0,0.504585325717926,0.504585325717926,5.839738368988037,5.839738368988037,10677
130.84824665253018,130.83221702746906,120.0,41599.0,0.5108969211578369,0.5108969211578369,5.837799549102783,5.837799549102783,10397
132.96064247725042,130.83221702746906,150.0,41553.0,0.5112566947937012,0.5112566947937012,5.738744258880615,5.738744258880615,10342
138.40887690628497,130.83221702746908,180.0,41595.0,0.507760226726532,0.507760226726532,5.653599739074707,5.653599739074707,10239
146.66585079768106,130.83221702746908,149.99999999999997,41599.0,0.4999412596225738,0.4999412596225738,5.586857318878174,5.586857318878174,10008
157.0383551180794,130.83221702746906,120.0,41553.0,0.4916499555110931,0.4916499555110931,5.556373596191406,5.556373596191406,9568
168.78587593271718,130.83221702746908,90.00000000000001,41595.0,0.4739540219306946,0.4739540219306946,5.4552998542785645,5.4552998542785645,9256
178.82114478244017,130.83221702746908,60.0,41599.0,0.4835790991783142,0.4835790991783142,5.549187660217285,5.549187660217285,9655
166.4951938706551,130.83221702746906,30.00000000000003,41553.0,0.5058022737503052,0.5058022737503052,5.622995376586914,5.622995376586914,10132
134.57980554921826,133.81306146040316,0.0,41579.0,0.5240789651870728,0.5240789651870728,5.810611248016357,5.810611248016357,10293
138.414654719376,133.81306146040316,30.0,41581.0,0.528016984462738,0.528016984462738,5.9188151359558105,5.9188151359558105,10212
145.1191002647738,133.81306146040316,60.0,41565.0,0.5284483432769775,0.5284483432769775,5.788632869720459,5.788632869720459,9890
154.10991538802207,133.81306146040316,90.0,41579.0,0.5216315388679504,0.5216315388679504,5.648258209228516,5.648258209228516,9668
164.7080232062891,133.81306146040316,120.0,41581.0,0.5006933212280273,0.5006933212280273,5.481538772583008,5.481538772583008,9657
176.21546682431338,133.81306146040316,150.0,41565.0,0.528784453868866,0.528784453868866,5.820324420928955,5.820324420928955,9932
172.05683831922678,133.81306146040316,180.0,41579.0,0.5584536790847778,0.5584536790847778,6.044796466827393,6.044796466827393,10247
160.7936317355515,133.81306146040316,149.99999999999997,41581.0,0.5432963967323303,0.5432963967323303,5.856309413909912,5.856309413909912,10163
150.6878095558348,133.81306146040316,120.0,41565.0,0.5159335136413574,0.5159335136413574,5.642984390258789,5.642984390258789,10112
142.43613938738247,133.81306146040316,90.0,41579.0,0.5050100088119507,0.5050100088119507,5.474806785583496,5.474806785583496,10067
136.69503565805113,133.81306146040316,59.99999999999999,41581.0,0.500224232673645,0.500224232673645,5.369034767150879,5.369034767150879,10259
133.9864609164051,133.81306146040316,30.00000000000003,41565.0,0.5036707520484924,0.5036707520484924,5.457533836364746,5.457533836364746,10385
171.91676027731248,136.95092019976366,0.0,41601.0,0.4916006624698639,0.4916006624698639,5.742973804473877,5.742973804473877,10988
177.12201313494083,136.95092019976366,30.0,41639.0,0.4867116808891296,0.4867116808891296,5.663775444030762,5.663775444030762,10699
166.33181616052732,136.95092019976366,60.0,41589.0,0.4746123850345611,0.4746123850345611,5.317235469818115,5.317235469818115,10436
156.36819549904612,136.95092019976366,90.0,41601.0,0.4804308116436004,0.4804308116436004,5.209507942199707,5.209507942199707,10476
147.88688574102196,136.95092019976366,120.0,41639.0,0.523260772228241,0.523260772228241,5.630253314971924,5.630253314971924,10616
141.51639463417294,136.95092019976366,150.0,41589.0,0.5335630178451538,0.5335630178451538,5.8403000831604,5.8403000831604,10259
137.7914541448398,136.95092019976366,180.0,41601.0,0.5092923045158386,0.5092923045158386,5.741936683654785,5.741936683654785,9927
137.05689000776323,136.95092019976366,150.0,41639.0,0.5033181309700012,0.5033181309700012,5.852820873260498,5.852820873260498,9894
139.38392939772427,136.95092019976366,120.0,41589.0,0.5029601454734802,0.5029601454734802,5.814445495605469,5.814445495605469,9944
144.5506822490533,136.95092019976366,90.00000000000001,41601.0,0.5247042775154114,0.5247042775154114,5.912488460540772,5.912488460540772,10188
152.10040795515576,136.95092019976366,60.0,41639.0,0.5404514074325562,0.5404514074325562,6.068694114685059,6.068694114685059,10425
161.43858245650853,136.95092019976366,30.00000000000003,41589.0,0.5289686322212219,0.5289686322212219,6.070159912109375,6.070159912109375,10961
146.6367569657631,140.28486276817378,0.0,41561.0,0.4971426129341125,0.4971426129341125,5.72877311706543,5.72877311706543,9892
142.1562841398577,140.28486276817378,30.0,41531.0,0.5005556344985962,0.5005556344985962,5.693963050842285,5.693963050842285,10135
140.31882540763308,140.28486276817378,60.0,41515.0,0.5126650929450989,0.5126650929450989,5.773700714111328,5.773700714111328,10148
141.29239413219835,140.28486276817378,90.0,41561.0,0.5319594740867615,0.5319594740867615,5.97457218170166,5.97457218170166,10217
144.98720479925407,140.28486276817378,120.0,41531.0,0.532349705696106,0.532349705696106,5.981799125671387,5.981799125671387,10287
151.07761463909435,140.28486276817378,150.0,41515.0,0.5321648716926575,0.5321648716926575,5.92354154586792,5.92354154586792,10218
159.07198398130117,140.28486276817378,180.0,41561.0,0.5259037613868713,0.5259037613868713,5.752007007598877,5.752007007598877,10023
168.39099255406214,140.28486276817378,149.99999999999997,41531.0,0.4976972639560699,0.4976972639560699,5.38851261138916,5.38851261138916,10034
178.42328272076094,140.28486276817378,120.0,41515.0,0.4944117665290832,0.4944117665290832,5.455592632293701,5.455592632293701,10117
171.4487935990486,140.28486276817378,90.0,41561.0,0.4919422566890716,0.4919422566890716,5.559852600097656,5.559852600097656,9861
161.8431189284814,140.28486276817378,59.99999999999999,41531.0,0.4992697536945343,0.4992697536945343,5.753360748291016,5.753360748291016,9593
153.374532924553,140.28486276817378,30.000000000000057,41515.0,0.4938755929470062,0.4938755929470062,5.724604606628418,5.724604606628418,9616
151.10619391028135,143.87107252806183,0.0,41555.0,0.4924319982528686,0.4924319982528686,5.187736988067627,5.187736988067627,10369
157.70685426197434,143.87107252806183,30.0,41517.0,0.5148531794548035,0.5148531794548035,5.395717620849609,5.395717620849609,10581
165.75605871921536,143.87107252806183,60.0,41541.0,0.5267410278320312,0.5267410278320312,5.561257839202881,5.561257839202881,10393
174.7045285155136,143.87107252806183,90.0,41555.0,0.5339296460151672,0.5339296460151672,5.688636779785156,5.688636779785156,10042
176.01833428176258,143.87107252806186,120.0,41517.0,0.5186908841133118,0.5186908841133118,5.56303596496582,5.56303596496582,9702
166.98802900786876,143.87107252806183,150.0,41541.0,0.5106424689292908,0.5106424689292908,5.657947063446045,5.657947063446045,9524
158.77652205747194,143.87107252806183,180.0,41555.0,0.4949457049369812,0.4949457049369812,5.599825382232666,5.599825382232666,9630
151.93777381530643,143.87107252806183,149.99999999999997,41517.0,0.5194159150123596,0.5194159150123596,5.814758777618408,5.814758777618408,9952
146.97526592621443,143.87107252806186,120.0,41541.0,0.5266304612159729,0.5266304612159729,5.837791919708252,5.837791919708252,10260
144.28790374474764,143.87107252806183,90.0,41555.0,0.518387496471405,0.518387496471405,5.84638261795044,5.84638261795044,10431
144.10628791361907,143.87107252806186,59.99999999999999,41517.0,0.498684287071228,0.498684287071228,5.602167129516602,5.602167129516602,10404
146.44641469687065,143.87107252806183,30.00000000000003,41541.0,0.4864071905612945,0.4864071905612945,5.253130912780762,5.253130912780762,10349
171.66708049569803,147.79577249602798,0.0,41541.0,0.5423768758773804,0.5423768758773804,6.041342735290527,6.041342735290527,10630
163.96732460023782,147.79577249602798,30.0,41531.0,0.5128007531166077,0.5128007531166077,5.8414716720581055,5.8414716720581055,10716
157.30571666583032,147.79577249602798,60.0,41593.0,0.4961998760700226,0.4961998760700226,5.721150875091553,5.721150875091553,10636
152.15113529970577,147.79577249602798,90.0,41541.0,0.4994671642780304,0.4994671642780304,5.625619888305664,5.625619888305664,10381
148.89376017719005,147.79577249602798,120.0,41531.0,0.4998969733715057,0.4998969733715057,5.465132236480713,5.465132236480713,10382
147.79594743452898,147.79577249602798,150.0,41593.0,0.4974009692668915,0.4974009692668915,5.37944221496582,5.37944221496582,10469
148.9492937255013,147.79577249602798,180.0,41541.0,0.5194926261901855,0.5194926261901855,5.634779453277588,5.634779453277588,10259
152.25761348258362,147.79577249602798,149.99999999999997,41531.0,0.5151299834251404,0.5151299834251404,5.702776908874512,5.702776908874512,9809
157.4547861440159,147.79577249602798,120.00000000000004,41593.0,0.4953415393829345,0.4953415393829345,5.664787769317627,5.664787769317627,9611
164.1480979206321,147.79577249602798,90.00000000000003,41541.0,0.4873570203781128,0.4873570203781128,5.642282485961914,5.642282485961914,9748
171.86727528221817,147.79577249602798,60.0,41531.0,0.5122132897377014,0.5122132897377014,5.7802839279174805,5.7802839279174805,10091
179.8966388862816,147.79577249602798,30.000000000000057,41593.0,0.526797890663147,0.526797890663147,5.826327800750732,5.826327800750732,10381
152.36263465537823,152.20422750397208,0.0,41589.0,0.5218603610992432,0.5218603610992432,5.910921096801758,5.910921096801758,9891
152.54857282017903,152.20422750397208,30.0,41547.0,0.5179747939109802,0.5179747939109802,5.854498386383057,5.854498386383057,9835
154.6373373976722,152.20422750397208,60.0,41509.0,0.5195192098617554,0.5195192098617554,5.874369144439697,5.874369144439697,9701
158.46524092833744,152.20422750397208,90.0,41589.0,0.5021836757659912,0.5021836757659912,5.66110372543335,5.66110372543335,9770
163.7441053809438,152.20422750397208,120.0,41547.0,0.5219841599464417,0.5219841599464417,5.823061943054199,5.823061943054199,9809
170.09715337395954,152.20422750397208,150.0,41509.0,0.5442498922348022,0.5442498922348022,5.94987678527832,5.94987678527832,10210
177.09408804217156,152.20422750397208,180.0,41589.0,0.5503017902374268,0.5503017902374268,5.9634199142456055,5.9634199142456055,10316
175.72167008823666,152.20422750397208,149.99999999999997,41547.0,0.5408709645271301,0.5408709645271301,5.884627342224121,5.884627342224121,10157
168.81346159898374,152.20422750397208,120.0,41509.0,0.5061841011047363,0.5061841011047363,5.413451671600342,5.413451671600342,10096
162.63452112423482,152.20422750397208,90.0,41589.0,0.495236188173294,0.495236188173294,5.284879684448242,5.284879684448242,10220
157.60726184996366,152.20422750397208,59.99999999999999,41547.0,0.4983861446380615,0.4983861446380615,5.409873008728027,5.409873008728027,10213
154.09433695819467,152.20422750397208,30.00000000000003,41509.0,0.5366017818450928,0.5366017818450928,5.999808311462402,5.999808311462402,10111
169.67663805088648,157.38013505195957,0.0,41541.0,0.4911315739154815,0.4911315739154815,5.506493091583252,5.506493091583252,10336
175.20885774493712,157.38013505195957,30.0,41533.0,0.497038722038269,0.497038722038269,5.378299236297607,5.378299236297607,10389
178.94366093961605,157.38013505195957,60.0,41533.0,0.4822523593902588,0.4822523593902588,5.0945258140563965,5.0945258140563965,10545
173.16554093237562,157.38013505195957,90.0,41541.0,0.5286079049110413,0.5286079049110413,5.55414342880249,5.55414342880249,10639
167.83817033346233,157.38013505195957,120.0,41533.0,0.5405646562576294,0.5405646562576294,5.765181541442871,5.765181541442871,10147
163.3208087047635,157.38013505195957,150.0,41533.0,0.5337840914726257,0.5337840914726257,5.857657432556152,5.857657432556152,9848
159.92846553383578,157.38013505195957,180.0,41541.0,0.5138776302337646,0.5138776302337646,5.8128533363342285,5.8128533363342285,9688
157.9064745921226,157.38013505195957,149.99999999999997,41533.0,0.5081498026847839,0.5081498026847839,5.858489990234375,5.858489990234375,9700
157.4054656576651,157.38013505195957,120.00000000000004,41533.0,0.5134902000427246,0.5134902000427246,5.82651948928833,5.82651948928833,9925
158.4633289680766,157.38013505195957,90.00000000000003,41541.0,0.528328537940979,0.528328537940979,5.89923906326294,5.89923906326294,10135
161.0003319045799,157.3801350519596,60.0,41533.0,0.522419273853302,0.522419273853302,5.84383487701416,5.84383487701416,10440
164.82923009627913,157.38013505195957,30.000000000000057,41533.0,0.4945834577083587,0.4945834577083587,5.612441539764404,5.612441539764404,10505
169.4662920736296,164.0576313943714,0.0,41543.0,0.5158144235610962,0.5158144235610962,5.861312389373779,5.861312389373779,10031
166.7270379043316,164.05763139437138,30.0,41585.0,0.5345184803009033,0.5345184803009033,5.976307392120361,5.976307392120361,10118
164.89104306802042,164.0576313943714,60.0,41591.0,0.5217671394348145,0.5217671394348145,5.788222312927246,5.788222312927246,10313
164.08845582130172,164.0576313943714,90.0,41543.0,0.5171727538108826,0.5171727538108826,5.758888244628906,5.758888244628906,10508
164.3768004827184,164.0576313943714,120.0,41585.0,0.5130101442337036,0.5130101442337036,5.722635746002197,5.722635746002197,10355
165.73536360780898,164.05763139437138,150.0,41591.0,0.5121586918830872,0.5121586918830872,5.588439464569092,5.588439464569092,10310
168.06724334492904,164.0576313943714,179.99999999999997,41543.0,0.4991850256919861,0.4991850256919861,5.355368614196777,5.355368614196777,10230
171.2085262681103,164.05763139437138,149.99999999999997,41585.0,0.5078036189079285,0.5078036189079285,5.466643333435059,5.466643333435059,10264
174.94239375853127,164.0576313943714,120.0,41591.0,0.5246842503547668,0.5246842503547668,5.704265117645264,5.704265117645264,10131
179.0154666192458,164.0576313943714,90.0,41543.0,0.5137468576431274,0.5137468576431274,5.711794376373291,5.711794376373291,9699
176.84558629140122,164.0576313943714,59.99999999999999,41585.0,0.5030195116996765,0.5030195116996765,5.757526874542236,5.757526874542236,9646
172.9178813315588,164.0576313943714,30.00000000000003,41591.0,0.4926420152187347,0.4926420152187347,5.673475742340088,5.673475742340088,9827
180.0,180.0,0.0,44473.0,0.4289777874946594,0.4289777874946594,5.872711658477783,5.872711658477783,9270
180.0,180.0,30.0,42313.0,0.4842067360877991,0.4842067360877991,5.759507656097412,5.759507656097412,9639
180.0,180.0,60.0,42313.0,0.4724139869213104,0.4724139869213104,5.760786533355713,5.760786533355713,9518
180.0,180.0,90.0,44473.0,0.4133177101612091,0.4133177101612091,5.994406223297119,5.994406223297119,9146
180.0,180.0,120.0,42313.0,0.5001556873321533,0.5001556873321533,6.022824287414551,6.022824287414551,9820
180.0,180.0,150.0,42313.0,0.4991538524627685,0.4991538524627685,5.894434452056885,5.894434452056885,10083
180.0,180.0,180.0,44473.0,0.419770747423172,0.419770747423172,5.824128150939941,5.824128150939941,9857
180.0,180.0,149.99999999999997,42313.0,0.4707258641719818,0.4707258641719818,5.568512916564941,5.568512916564941,10309
180.0,180.0,120.0,42313.0,0.4813295304775238,0.4813295304775238,5.632916927337647,5.632916927337647,10160
180.0,180.0,90.0,44473.0,0.403355211019516,0.403355211019516,5.428252696990967,5.428252696990967,9488
180.0,180.0,59.99999999999999,42313.0,0.4747864902019501,0.4747864902019501,5.378411293029785,5.378411293029785,10299
180.0,180.0,30.00000000000003,42313.0,0.5004351735115051,0.5004351735115051,5.694342136383057,5.694342136383057,10258
